id,category
0,Amy Ryan
1,Amy Adams
2,Adrien Brody
3,Adriana Barraza
4,Albert Brooks
5,Alex Pettyfer
6,Amber Heard
7,Anne Bancroft
8,Barbra Streisand
9,Alex Pettyfer
10,Anna Faris
11,Anthony Perkins
12,Bill Hader
13,Barabara Palvin
14,Benjamin Bratt
15,Anna Friel
16,Alessandra Ambrosio
17,Alan Arkin
18,Akemi Darenogare
19,Anderson Cooper
20,Ashley Graham
21,Ashley Greene
22,Benedict Cumberbatch
23,Adele
24,Ashley Greene
25,Alec Baldwin
26,Andy Samberg
27,Andrew Luck
28,Alex Pettyfer
29,Ben Affleck
30,Angela Bassett
31,Ava Gardner
32,Amy Adams
33,Alan Arkin
34,Adrien Brody
35,Analeigh Tipton
36,Andrew Garfield
37,Alx James
38,Anna Paquin
39,Alessandra Ambrosio
40,Anthony Mackie
41,bella thorne
42,Anderson Cooper
43,Anne Baxter
44,Betty White
45,Amy Ryan
46,Barbra Streisand
47,Adriana Barraza
48,Andy Garcia
49,Alessandra Ambrosio
50,Aaron Paul
51,Ava Gardner
52,Andy Garcia
53,Amanda Crew
54,Anna Paquin
55,Amber Heard
56,Adele
57,Aaron Taylor-Johnson
58,Bill O Reilly
59,Alec Baldwin
60,Anderson Cooper
61,Amanda Peet
62,Alexandra Daddario
63,Angelina Jolie
64,Andy Garcia
65,Aaron Judge
66,Andreea Diaconu
67,Barbra Streisand
68,Barbra Streisand
69,Andy Serkis
70,Bill Pullman
71,Andrew Luck
72,Analeigh Tipton
73,Adele
74,Anthony Perkins
75,Anthony Perkins
76,bella thorne
77,Ashton Kutcher
78,Al Roker
79,Anna Friel
80,Al Pacino
81,Alexandra Daddario
82,Amber Heard
83,Anna Kendrick
84,Ben Affleck
85,Anjelica Huston
86,Barabara Palvin
87,Angelina Jolie
88,Billy Bob Thornton
89,Anthony Mackie
90,Abigail Breslin
91,Benicio Del Toro
92,Amanda Seyfried
93,Ben Johnson
94,Alicia Vikander
95,Alx James
96,Analeigh Tipton
97,Ben Kingsley
98,Alx James
99,Amber Heard
100,Adriana Lima
101,Andrew Lincoln
102,Ashley Judd
103,Amber Heard
104,Anna Faris
105,Ben Foster
106,Amber Heard
107,Anne Bancroft
108,Ashley Judd
109,Akemi Darenogare
110,Bella Hadid
111,Amy Schumer
112,Ben Johnson
113,Aaron Judge
114,Antonio Banderas
115,Andrew Garfield
116,Bill Rancic
117,Adrien Brody
118,Anna Friel
119,Alex Pettyfer
120,Anne Hathaway
121,Anjelica Huston
122,Aaron Paul
123,Alx James
124,Alan Alda
125,Beyonce Knowles
126,Andrew Luck
127,Alice Eve
128,Berenice Bejo
129,Bill Paxton
130,Anthony Mackie
131,Anne Hathaway
132,Anna Faris
133,Ben Foster
134,Andy Garcia
135,Adriana Barraza
136,Berenice Bejo
137,Albert Finney
138,Ashley Judd
139,Anna Sui
140,Adele
141,Amber Heard
142,Al Roker
143,Anna Paquin
144,Alec Baldwin
145,Amy Adams
146,Adrien Brody
147,Akemi Darenogare
148,Adrien Brody
149,Andy Garcia
150,Albert Finney
151,Adele
152,Billy Bob Thornton
153,Ashton Kutcher
154,Ben Johnson
155,Alex Pettyfer
156,Andy Murray
157,Bette Midler
158,Benicio Del Toro
159,Ashley Graham
160,Alec Baldwin
161,Anthony Hopkins
162,Amy Ryan
163,Alex Pettyfer
164,Akemi Darenogare
165,Amy Schumer
166,Anna Sui
167,Andrew Luck
168,Aaron Judge
169,Adrianne Palicki
170,Amanda Bynes
171,Adriana Barraza
172,Anna Faris
173,Albert Finney
174,Andreea Diaconu
175,Amanda Seyfried
176,Alexis Thorpe
177,Amanda Seyfried
178,Bella Hadid
179,Barbra Streisand
180,Albert Brooks
181,Aaron Judge
182,Andy Serkis
183,Analeigh Tipton
184,Bella Hadid
185,Benedict Cumberbatch
186,Anthony Hopkins
187,Anderson Cooper
188,Alexandra Daddario
189,Andrew Garfield
190,Berenice Bejo
191,Amanda Crew
192,Anjelica Huston
193,Anne Bancroft
194,Anna Friel
195,bella thorne
196,Anna Friel
197,Andy Serkis
198,Alan Arkin
199,Betty White
200,Ashley Greene
201,Annette Bening
202,Antonio Banderas
203,Alessandra Ambrosio
204,Ben Johnson
205,Ben Foster
206,Bill Rancic
207,Barbra Streisand
208,Betty White
209,Andrew Luck
210,Benicio Del Toro
211,Armin Mueller-Stahl
212,Bill Rancic
213,Amanda Bynes
214,Anthony Mackie
215,Andrew Luck
216,Amy Adams
217,Akemi Darenogare
218,Ben Stiller
219,Bill Pullman
220,Anna Faris
221,bella thorne
222,Andy Serkis
223,Adele
224,Angelina Jolie
225,Benedict Cumberbatch
226,Anna Kendrick
227,Anna Kendrick
228,Ava Gardner
229,Amber Heard
230,Alx James
231,Antonio Banderas
232,Amy Schumer
233,Bill Daley
234,Ava Gardner
235,Benedict Cumberbatch
236,Adrianne Palicki
237,Adriana Lima
238,Anna Paquin
239,Adele
240,Anna Faris
241,Ben Foster
242,Anna Kendrick
243,Anne Baxter
244,Ben Kingsley
245,Alexandra Daddario
246,Bill Murray
247,Aaron Taylor-Johnson
248,Andrew Luck
249,Benicio Del Toro
250,Aaron Judge
251,Arnold Schwarzenegger
252,Antonio Banderas
253,Angelina Jolie
254,Ashley Judd
255,Bill Hader
256,Bill Hader
257,Ashley Graham
258,Andreea Diaconu
259,Anna Kendrick
260,Alexandra Daddario
261,Ashley Judd
262,Amber Heard
263,Ava Gardner
264,Ashley Graham
265,Bill Rancic
266,Barabara Palvin
267,Bill O Reilly
268,Amy Adams
269,Ashton Kutcher
270,Audrey Tautou
271,Adele
272,Beyonce Knowles
273,Alan Alda
274,Alice Eve
275,Benicio Del Toro
276,Benedict Cumberbatch
277,Beyonce Knowles
278,Amy Adams
279,Anne Bancroft
280,Adriana Lima
281,Analeigh Tipton
282,Anna Sui
283,Anna Faris
284,Adele
285,Anderson Cooper
286,Anna Sui
287,Adriana Barraza
288,Anne Baxter
289,Alex Pettyfer
290,Alexander Skarsgard
291,Bill Hader
292,bella thorne
293,Bill Daley
294,Audrey Hepburn
295,Andy Serkis
296,Amy Schumer
297,Andy Serkis
298,Alex Pettyfer
299,Andrew Lincoln
300,Amy Ryan
301,Bill Pullman
302,Anna Paquin
303,Antonio Banderas
304,Amy Adams
305,Al Roker
306,Ben Affleck
307,Alx James
308,Anna Faris
309,Anne Hathaway
310,Aaron Judge
311,Andy Garcia
312,Aaron Paul
313,Alx James
314,Bill Pullman
315,Alexander Skarsgard
316,Barabara Palvin
317,Andrew Luck
318,Andreea Diaconu
319,Ashton Kutcher
320,Ben Kingsley
321,Amy Ryan
322,Amanda Bynes
323,Al Pacino
324,Bill Pullman
325,Abigail Breslin
326,Barbra Streisand
327,Barry Pepper
328,Bill Hader
329,Ava Gardner
330,Amanda Crew
331,Anna Sui
332,Anthony Mackie
333,Armin Mueller-Stahl
334,Anna Friel
335,Anthony Perkins
336,Aaron Taylor-Johnson
337,Arnold Schwarzenegger
338,Adrianne Palicki
339,Alexander Skarsgard
340,Andy Garcia
341,Al Roker
342,Alx James
343,Anna Sui
344,Andy Serkis
345,Ashley Graham
346,Bella Hadid
347,Ben Foster
348,Anderson Cooper
349,Benjamin Bratt
350,Abigail Breslin
351,Andrew Luck
352,Ashley Judd
353,Ben Kingsley
354,Benjamin Bratt
355,Andrew Garfield
356,Barabara Palvin
357,Analeigh Tipton
358,Alex Pettyfer
359,Amanda Peet
360,Abigail Breslin
361,Anthony Perkins
362,Amy Schumer
363,Amy Schumer
364,Angelina Jolie
365,Benedict Cumberbatch
366,Adam Sandler
367,Angela Bassett
368,Alicia Vikander
369,Albert Brooks
370,Adriana Barraza
371,Andrew Garfield
372,Ben Kingsley
373,Andy Murray
374,Albert Brooks
375,Albert Brooks
376,Bill Rancic
377,Ashley Graham
378,Andy Garcia
379,Andrew Lincoln
380,Audrey Tautou
381,Amanda Crew
382,Alex Pettyfer
383,Alessandra Ambrosio
384,Andy Garcia
385,Audrey Hepburn
386,Benedict Cumberbatch
387,Arnold Schwarzenegger
388,Al Roker
389,Anna Paquin
390,Alan Rickman
391,Art Carney
392,Anthony Perkins
393,bella thorne
394,Albert Finney
395,Andy Garcia
396,Alan Arkin
397,Anne Baxter
398,Adam Sandler
399,Anna Kendrick
400,Al Pacino
401,Alessandra Ambrosio
402,Benicio Del Toro
403,Ben Kingsley
404,Ben Kingsley
405,Alan Alda
406,Alexis Thorpe
407,Anne Baxter
408,Amy Ryan
409,Amanda Seyfried
410,Audrey Hepburn
411,Barabara Palvin
412,Adrien Brody
413,Alex Pettyfer
414,Barry Pepper
415,Adriana Barraza
416,Alan Arkin
417,Ben Stiller
418,Alexander Skarsgard
419,Amy Schumer
420,Alessandra Ambrosio
421,Al Pacino
422,Ben Johnson
423,Alx James
424,Ashton Kutcher
425,Berenice Bejo
426,Andy Samberg
427,Al Pacino
428,Amanda Peet
429,Anna Paquin
430,Bernie Mac
431,Ben Kingsley
432,Alex Pettyfer
433,Armin Mueller-Stahl
434,Anne Baxter
435,Bill Hader
436,Alec Baldwin
437,Bill Pullman
438,Anderson Cooper
439,Ben Kingsley
440,Amy Ryan
441,Alice Eve
442,Alexandra Daddario
443,Amanda Crew
444,Andrew Luck
445,Benjamin Bratt
446,Art Carney
447,Anjelica Huston
448,Annette Bening
449,Amy Ryan
450,Angela Bassett
451,Alx James
452,Bill Pullman
453,Alicia Vikander
454,Angela Bassett
455,Alexander Skarsgard
456,Armin Mueller-Stahl
457,Alex Pettyfer
458,Alex Pettyfer
459,Adrien Brody
460,AnnaSophia Robb
461,Adele
462,Andrew Luck
463,Antonio Banderas
464,Amanda Crew
465,Andreea Diaconu
466,Aaron Judge
467,Bella Hadid
468,Amber Heard
469,Benedict Cumberbatch
470,Antonio Banderas
471,Aaron Judge
472,Adam Sandler
473,Antonio Banderas
474,Alexandra Daddario
475,Al Roker
476,Amanda Crew
477,Alan Alda
478,Antonio Banderas
479,Bill O Reilly
480,Bill Pullman
481,Andy Garcia
482,Anjelica Huston
483,Andy Garcia
484,Anna Friel
485,Abigail Breslin
486,Alan Rickman
487,Annette Bening
488,Ava Gardner
489,Bill Pullman
490,Berenice Bejo
491,Akemi Darenogare
492,Andrew Lincoln
493,Adriana Barraza
494,Amanda Crew
495,Beyonce Knowles
496,Benicio Del Toro
497,Adam Sandler
498,Alexander Skarsgard
499,Andy Serkis
500,Aaron Judge
501,Anderson Cooper
502,Andy Serkis
503,Andy Garcia
504,Alex Pettyfer
505,Alan Arkin
506,Andrew Garfield
507,Adriana Lima
508,Benjamin Bratt
509,Anna Paquin
510,Antonio Banderas
511,Benjamin Bratt
512,Ali Larter
513,Al Pacino
514,Ava Gardner
515,Aaron Judge
516,Amber Heard
517,Anjelica Huston
518,Albert Finney
519,Ben Kingsley
520,Barabara Palvin
521,Adriana Barraza
522,Ben Foster
523,Bill Paxton
524,Bill O Reilly
525,Bill Murray
526,Anne Bancroft
527,Alan Arkin
528,Albert Finney
529,Adam Sandler
530,Ben Foster
531,Anjelica Huston
532,Abigail Breslin
533,Ashton Kutcher
534,Alan Arkin
535,Alan Alda
536,Ben Foster
537,Adele
538,Art Carney
539,Bernie Mac
540,Andrew Luck
541,Akemi Darenogare
542,Alan Arkin
543,Adriana Barraza
544,Ben Kingsley
545,Anna Friel
546,Alexander Skarsgard
547,bella thorne
548,Audrey Hepburn
549,Anderson Cooper
550,Bill Rancic
551,Adrianne Palicki
552,Benedict Cumberbatch
553,Andy Garcia
554,Andy Garcia
555,Anna Faris
556,Aaron Paul
557,Alexander Skarsgard
558,Benicio Del Toro
559,Bill Hader
560,Audrey Hepburn
561,Benedict Cumberbatch
562,Anthony Hopkins
563,Akemi Darenogare
564,Benicio Del Toro
565,Benjamin Bratt
566,Andrew Luck
567,Andy Garcia
568,Alex Pettyfer
569,Ben Stiller
570,Ben Affleck
571,Albert Finney
572,Audrey Tautou
573,Angelina Jolie
574,Bella Hadid
575,Andy Serkis
576,Andrew Luck
577,Anthony Mackie
578,Bill O Reilly
579,Alicia Vikander
580,Bette Midler
581,Bill Hader
582,Andie MacDowell
583,Amanda Peet
584,Anderson Cooper
585,Angela Bassett
586,Ashton Kutcher
587,Al Roker
588,Ben Stiller
589,Alec Baldwin
590,Al Roker
591,Bella Hadid
592,Billy Bob Thornton
593,Ben Affleck
594,Ashton Kutcher
595,Adriana Lima
596,Ben Johnson
597,Anna Faris
598,Aaron Judge
599,Amanda Seyfried
600,Alexander Skarsgard
601,Alan Alda
602,Andreea Diaconu
603,Berenice Bejo
604,Ben Foster
605,Bette Midler
606,Alec Baldwin
607,Billy Bob Thornton
608,Andrew Luck
609,Anna Sui
610,Barry Pepper
611,Adele
612,Al Pacino
613,Beyonce Knowles
614,Anthony Perkins
615,Amber Heard
616,Andy Samberg
617,Berenice Bejo
618,Betty White
619,Art Carney
620,Alan Rickman
621,Alx James
622,Adam Sandler
623,Bill Rancic
624,Albert Brooks
625,Ben Johnson
626,Adrianne Palicki
627,Ben Stiller
628,Anthony Mackie
629,Ali Larter
630,Billy Bob Thornton
631,Albert Brooks
632,Anthony Mackie
633,Andrew Luck
634,Alicia Vikander
635,Adele
636,Alex Pettyfer
637,Ashley Judd
638,Bella Hadid
639,Alan Rickman
640,Adrien Brody
641,Alessandra Ambrosio
642,Antonio Banderas
643,Andy Samberg
644,Adele
645,Andy Murray
646,Barabara Palvin
647,Anne Baxter
648,Alice Eve
649,Anna Sui
650,Bella Hadid
651,Bill Pullman
652,Ali Larter
653,Alexandra Daddario
654,Adele
655,Alexander Skarsgard
656,Ben Foster
657,Antonio Banderas
658,Adele
659,Akemi Darenogare
660,Amanda Seyfried
661,Anne Bancroft
662,Anne Bancroft
663,Audrey Hepburn
664,Art Carney
665,Bill Pullman
666,Bill Murray
667,Anne Baxter
668,Benedict Cumberbatch
669,Alex Pettyfer
670,Anderson Cooper
671,Andrew Garfield
672,Anna Faris
673,bella thorne
674,Anthony Hopkins
675,Amy Ryan
676,Andy Garcia
677,Amy Ryan
678,Benedict Cumberbatch
679,Amy Ryan
680,Amy Schumer
681,Amanda Seyfried
682,Amanda Crew
683,Audrey Hepburn
684,Ben Johnson
685,Andrew Luck
686,Bill Murray
687,Angela Bassett
688,Anna Faris
689,Ashley Greene
690,Abigail Breslin
691,Bill Paxton
692,Albert Brooks
693,Andy Samberg
694,Andy Samberg
695,Anna Faris
696,Bella Hadid
697,Andrew Garfield
698,Alx James
699,Andrew Luck
700,Barbra Streisand
701,Albert Brooks
702,Berenice Bejo
703,Audrey Tautou
704,Bill Hader
705,Angelina Jolie
706,Armin Mueller-Stahl
707,Anthony Hopkins
708,Alexander Skarsgard
709,Akemi Darenogare
710,Alx James
711,Andie MacDowell
712,Bill Pullman
713,Ava Gardner
714,Albert Brooks
715,Andy Garcia
716,Annette Bening
717,Anne Bancroft
718,Anthony Hopkins
719,Bette Midler
720,Aaron Taylor-Johnson
721,Barabara Palvin
722,Anderson Cooper
723,Amanda Crew
724,Aaron Paul
725,Arnold Schwarzenegger
726,Ashley Judd
727,Amanda Crew
728,Adele
729,Benicio Del Toro
730,Ben Affleck
731,Angelina Jolie
732,Alexander Skarsgard
733,Adriana Lima
734,Anne Hathaway
735,Alx James
736,Anna Paquin
737,Ava Gardner
738,Bill Rancic
739,Ben Affleck
740,Bill Murray
741,Anthony Mackie
742,Ben Kingsley
743,Amber Heard
744,Angelina Jolie
745,Ali Larter
746,Annette Bening
747,Abigail Breslin
748,Akemi Darenogare
749,Bella Hadid
750,Akemi Darenogare
751,Anna Kendrick
752,Benedict Cumberbatch
753,Annette Bening
754,Antonio Banderas
755,Ben Foster
756,Armin Mueller-Stahl
757,Billy Bob Thornton
758,Ben Affleck
759,Bill Pullman
760,Andrew Lincoln
761,Benjamin Bratt
762,Amy Ryan
763,Amy Adams
764,Anna Friel
765,Ben Affleck
766,Barabara Palvin
767,Albert Brooks
768,Anna Friel
769,Bill Paxton
770,Amanda Seyfried
771,Ashley Greene
772,Anna Faris
773,Alx James
774,Barabara Palvin
775,Annette Bening
776,Alex Pettyfer
777,Alicia Vikander
778,Ben Kingsley
779,Beyonce Knowles
780,Barabara Palvin
781,Anna Paquin
782,Audrey Hepburn
783,Bill Paxton
784,Amanda Peet
785,Bill Rancic
786,AnnaSophia Robb
787,bella thorne
788,Andrew Luck
789,Andy Garcia
790,Bill Murray
791,Armin Mueller-Stahl
792,Barabara Palvin
793,Andie MacDowell
794,Ava Gardner
795,Amanda Bynes
796,Amy Ryan
797,Ben Affleck
798,Ava Gardner
799,Anthony Hopkins
800,Amy Ryan
801,Anjelica Huston
802,Analeigh Tipton
803,Aaron Judge
804,Anna Sui
805,Barbra Streisand
806,Angela Bassett
807,Al Pacino
808,Anne Hathaway
809,Andrew Luck
810,Adrianne Palicki
811,bella thorne
812,Ben Affleck
813,Angelina Jolie
814,Bill Murray
815,Andy Garcia
816,Bill Pullman
817,Barbra Streisand
818,Ben Kingsley
819,Beyonce Knowles
820,Anna Paquin
821,Alexis Thorpe
822,Anna Friel
823,Andrew Lincoln
824,Ben Affleck
825,Ben Foster
826,Audrey Hepburn
827,Anne Baxter
828,Bette Midler
829,Ben Johnson
830,Andreea Diaconu
831,Adriana Barraza
832,Andy Murray
833,Anderson Cooper
834,Amanda Bynes
835,Andrew Garfield
836,Alex Pettyfer
837,Abigail Breslin
838,Betty White
839,Benjamin Bratt
840,Betty White
841,Amber Heard
842,Barry Pepper
843,Ava Gardner
844,Andy Garcia
845,Anna Sui
846,Albert Finney
847,Amanda Crew
848,Aaron Paul
849,Andy Garcia
850,Benicio Del Toro
851,Anna Faris
852,Adriana Barraza
853,Angelina Jolie
854,Adam Sandler
855,Andy Serkis
856,Analeigh Tipton
857,Barabara Palvin
858,Bella Hadid
859,Ben Affleck
860,Anne Baxter
861,Alex Pettyfer
862,Anthony Mackie
863,Andy Garcia
864,Amy Ryan
865,Benedict Cumberbatch
866,Ashton Kutcher
867,Anne Hathaway
868,Antonio Banderas
869,Alan Arkin
870,Anjelica Huston
871,Ashley Judd
872,Albert Finney
873,Ben Johnson
874,Alx James
875,Alec Baldwin
876,Alex Pettyfer
877,Amy Ryan
878,Amy Schumer
879,Audrey Hepburn
880,Ava Gardner
881,Barbra Streisand
882,Bill Pullman
883,Alan Alda
884,Anna Faris
885,Ashley Greene
886,Barabara Palvin
887,Andie MacDowell
888,Andrew Luck
889,Ben Affleck
890,Alessandra Ambrosio
891,Audrey Tautou
892,Alessandra Ambrosio
893,Benedict Cumberbatch
894,Anna Faris
895,Anne Bancroft
896,Barabara Palvin
897,Art Carney
898,Ava Gardner
899,Adele
900,Antonio Banderas
901,Amanda Crew
902,Amy Ryan
903,Bernie Mac
904,Bill Pullman
905,Anna Kendrick
906,Anna Paquin
907,Anne Bancroft
908,Alx James
909,Anthony Perkins
910,Bill Murray
911,Andy Samberg
912,Albert Brooks
913,Barabara Palvin
914,Audrey Tautou
915,Adele
916,Andy Murray
917,Ashley Judd
918,Alan Rickman
919,Amy Adams
920,Benicio Del Toro
921,bella thorne
922,Anne Bancroft
923,Adele
924,Bill Daley
925,Alexis Thorpe
926,Anjelica Huston
927,Andrew Luck
928,Al Roker
929,Alan Arkin
930,Angela Bassett
931,Ashley Graham
932,Anna Faris
933,Aaron Judge
934,Anne Hathaway
935,Andie MacDowell
936,Bill Rancic
937,Bill O Reilly
938,Amanda Peet
939,Anthony Hopkins
940,Ashley Greene
941,Anderson Cooper
942,Amanda Crew
943,Alice Eve
944,Bill O Reilly
945,Ben Foster
946,Ashley Judd
947,Armin Mueller-Stahl
948,Adriana Barraza
949,Adriana Barraza
950,Barbra Streisand
951,Alexandra Daddario
952,Andy Serkis
953,Al Pacino
954,Andy Samberg
955,Alex Pettyfer
956,Akemi Darenogare
957,Barry Pepper
958,bella thorne
959,Aaron Paul
960,Analeigh Tipton
961,Aaron Paul
962,Anna Friel
963,Bill Murray
964,bella thorne
965,Ashley Judd
966,Amanda Seyfried
967,Albert Finney
968,Alex Pettyfer
969,Andy Murray
970,Bill Hader
971,Al Pacino
972,Amanda Peet
973,Anne Baxter
974,Adriana Barraza
975,Adele
976,Alex Pettyfer
977,Audrey Tautou
978,Andrew Luck
979,Anna Friel
980,Anthony Hopkins
981,Alan Alda
982,Andrew Luck
983,Anna Friel
984,Andrew Lincoln
985,Analeigh Tipton
986,Alx James
987,Anthony Mackie
988,Amy Adams
989,Al Pacino
990,Angelina Jolie
991,Audrey Hepburn
992,Ashley Judd
993,Alexis Thorpe
994,Aaron Paul
995,Alexis Thorpe
996,Art Carney
997,Alx James
998,Ben Affleck
999,Amanda Seyfried
1000,Anne Hathaway
1001,Benjamin Bratt
1002,Annette Bening
1003,Barry Pepper
1004,Barbra Streisand
1005,Anthony Perkins
1006,Anna Faris
1007,Amy Schumer
1008,Bill Pullman
1009,Amanda Seyfried
1010,Alan Alda
1011,Alessandra Ambrosio
1012,Ashley Graham
1013,Bill O Reilly
1014,Anna Sui
1015,Berenice Bejo
1016,Ben Affleck
1017,bella thorne
1018,Bill O Reilly
1019,Adriana Lima
1020,Amber Heard
1021,Benicio Del Toro
1022,Anderson Cooper
1023,Anthony Mackie
1024,Andy Serkis
1025,Alessandra Ambrosio
1026,Aaron Judge
1027,Anthony Hopkins
1028,Betty White
1029,Bill Rancic
1030,Antonio Banderas
1031,Angelina Jolie
1032,Andy Serkis
1033,Andreea Diaconu
1034,Anne Hathaway
1035,Amanda Crew
1036,Akemi Darenogare
1037,Andrew Luck
1038,Andreea Diaconu
1039,Anne Baxter
1040,Andy Samberg
1041,Amy Adams
1042,Bill O Reilly
1043,AnnaSophia Robb
1044,Andy Murray
1045,Amanda Seyfried
1046,Amber Heard
1047,Anne Hathaway
1048,Bette Midler
1049,Amanda Peet
1050,Adriana Lima
1051,Angelina Jolie
1052,Adele
1053,Anthony Mackie
1054,Amy Adams
1055,Al Pacino
1056,Ben Stiller
1057,Ashton Kutcher
1058,Ashton Kutcher
1059,Amy Ryan
1060,Aaron Taylor-Johnson
1061,Andrew Luck
1062,Barry Pepper
1063,Benjamin Bratt
1064,Anna Faris
1065,Amanda Crew
1066,Benicio Del Toro
1067,Bette Midler
1068,Benicio Del Toro
1069,Anne Bancroft
1070,Ava Gardner
1071,Adam Sandler
1072,Bill Pullman
1073,Angelina Jolie
1074,Aaron Taylor-Johnson
1075,Alexander Skarsgard
1076,Alexandra Daddario
1077,Alessandra Ambrosio
1078,Andy Garcia
1079,Ashton Kutcher
1080,Alexandra Daddario
1081,Ashley Graham
1082,Anna Sui
1083,Anthony Hopkins
1084,Ashley Judd
1085,Amy Ryan
1086,Amanda Seyfried
1087,Amanda Crew
1088,Abigail Breslin
1089,Adriana Barraza
1090,Ben Affleck
1091,Bill Pullman
1092,Barbra Streisand
1093,Andy Murray
1094,Barabara Palvin
1095,Anthony Perkins
1096,Ben Johnson
1097,Andrew Lincoln
1098,Anne Bancroft
1099,Aaron Paul
1100,Billy Bob Thornton
1101,Betty White
1102,Billy Bob Thornton
1103,Andy Murray
1104,Bill Pullman
1105,bella thorne
1106,Alan Arkin
1107,Alan Arkin
1108,Adam Sandler
1109,Aaron Taylor-Johnson
1110,Akemi Darenogare
1111,Benicio Del Toro
1112,Al Pacino
1113,Andreea Diaconu
1114,Andy Garcia
1115,Anthony Perkins
1116,Anne Baxter
1117,Anna Friel
1118,Bernie Mac
1119,Akemi Darenogare
1120,Anne Baxter
1121,Anne Baxter
1122,Amanda Peet
1123,Amanda Peet
1124,Ben Foster
1125,Amanda Seyfried
1126,Anne Baxter
1127,Amanda Bynes
1128,Al Roker
1129,Alx James
1130,Anthony Mackie
1131,Andy Garcia
1132,Andy Serkis
1133,Amanda Peet
1134,Anne Hathaway
1135,Adele
1136,Andy Garcia
1137,Anne Baxter
1138,Ben Foster
1139,Adam Sandler
1140,Amy Adams
1141,Andrew Garfield
1142,Anthony Perkins
1143,Amanda Crew
1144,Barry Pepper
1145,Ashley Greene
1146,Amanda Crew
1147,Alexandra Daddario
1148,Aaron Paul
1149,Bill O Reilly
1150,Audrey Hepburn
1151,Adele
1152,Adriana Barraza
1153,Anne Baxter
1154,Anna Sui
1155,Alan Rickman
1156,Andy Serkis
1157,Ben Johnson
1158,Anne Hathaway
1159,Bernie Mac
1160,Anne Baxter
1161,Ali Larter
1162,Bernie Mac
1163,Ashton Kutcher
1164,Analeigh Tipton
1165,Adriana Barraza
1166,Adriana Barraza
1167,Amy Adams
1168,Andy Serkis
1169,Amanda Seyfried
1170,Andy Samberg
1171,Ben Kingsley
1172,Anne Baxter
1173,Art Carney
1174,Andy Samberg
1175,Anne Hathaway
1176,Anna Sui
1177,Billy Bob Thornton
1178,Anne Baxter
1179,Alexandra Daddario
1180,Adriana Lima
1181,Alan Arkin
1182,Al Roker
1183,Anderson Cooper
1184,Anna Faris
1185,Ben Johnson
1186,Bill Pullman
1187,Aaron Judge
1188,Amanda Peet
1189,Anne Hathaway
1190,Andie MacDowell
1191,Billy Bob Thornton
1192,Billy Bob Thornton
1193,Anna Paquin
1194,Amber Heard
1195,Ashley Graham
1196,Analeigh Tipton
1197,AnnaSophia Robb
1198,Andrew Luck
1199,Anderson Cooper
1200,Benjamin Bratt
1201,Anna Faris
1202,Alan Rickman
1203,Audrey Tautou
1204,Adele
1205,Ben Affleck
1206,Alexandra Daddario
1207,Bill Pullman
1208,Amy Schumer
1209,Amy Ryan
1210,Bill Pullman
1211,Ben Stiller
1212,Ben Foster
1213,Aaron Paul
1214,Barry Pepper
1215,Andy Murray
1216,Anna Sui
1217,Adele
1218,Barabara Palvin
1219,Ben Affleck
1220,Amanda Bynes
1221,Ben Foster
1222,Andy Serkis
1223,Anna Friel
1224,Bette Midler
1225,Ben Foster
1226,Al Pacino
1227,Barbra Streisand
1228,Anthony Perkins
1229,Barry Pepper
1230,Bill Rancic
1231,Bill Murray
1232,Abigail Breslin
1233,Anne Baxter
1234,Amanda Crew
1235,Ashton Kutcher
1236,Amy Schumer
1237,Amanda Crew
1238,Ashley Judd
1239,Andie MacDowell
1240,Bill O Reilly
1241,Benicio Del Toro
1242,Audrey Tautou
1243,Alx James
1244,Anne Bancroft
1245,Bill Hader
1246,bella thorne
1247,Aaron Judge
1248,Anjelica Huston
1249,Anne Baxter
1250,Ben Foster
1251,Audrey Tautou
1252,Amber Heard
1253,Adam Sandler
1254,Amanda Peet
1255,Bill Hader
1256,Amanda Peet
1257,Angelina Jolie
1258,Annette Bening
1259,Angela Bassett
1260,Bernie Mac
1261,Antonio Banderas
1262,Barry Pepper
1263,Bill Pullman
1264,Anthony Mackie
1265,Ashton Kutcher
1266,Andreea Diaconu
1267,Audrey Tautou
1268,bella thorne
1269,Betty White
1270,Amanda Peet
1271,Andy Garcia
1272,Anna Faris
1273,Anna Paquin
1274,Amanda Seyfried
1275,Bette Midler
1276,Andrew Luck
1277,Abigail Breslin
1278,Anna Sui
1279,Adam Sandler
1280,Adriana Barraza
1281,Angelina Jolie
1282,Analeigh Tipton
1283,Bill Murray
1284,Ashley Graham
1285,Alx James
1286,Amy Adams
1287,Berenice Bejo
1288,Anne Bancroft
1289,Amber Heard
1290,Alan Arkin
1291,Billy Bob Thornton
1292,Arnold Schwarzenegger
1293,Alicia Vikander
1294,Andrew Luck
1295,Alexander Skarsgard
1296,Akemi Darenogare
1297,Art Carney
1298,Andrew Lincoln
1299,Adriana Barraza
1300,Anna Friel
1301,Audrey Tautou
1302,Alexandra Daddario
1303,Albert Finney
1304,Akemi Darenogare
1305,Adele
1306,Barry Pepper
1307,Anthony Mackie
1308,Ben Foster
1309,Barabara Palvin
1310,Amanda Bynes
1311,Bill Hader
1312,Andreea Diaconu
1313,Anne Bancroft
1314,Ben Affleck
1315,Bette Midler
1316,Audrey Tautou
1317,Adrianne Palicki
1318,Alan Rickman
1319,Audrey Tautou
1320,Barabara Palvin
1321,Andrew Luck
1322,Anna Faris
1323,Bill Murray
1324,Bill O Reilly
1325,Bill Pullman
1326,Anne Bancroft
1327,bella thorne
1328,Ben Foster
1329,Armin Mueller-Stahl
1330,Andy Murray
1331,Amy Adams
1332,Andreea Diaconu
1333,Anthony Perkins
1334,Adrien Brody
1335,Alan Arkin
1336,Alexander Skarsgard
1337,AnnaSophia Robb
1338,Andrew Luck
1339,Anna Friel
1340,Ava Gardner
1341,Alexandra Daddario
1342,Aaron Taylor-Johnson
1343,Andy Garcia
1344,Ashley Greene
1345,Andy Serkis
1346,Betty White
1347,Andy Garcia
1348,Al Pacino
1349,Andrew Luck
1350,Bill Hader
1351,Alx James
1352,Betty White
1353,Benicio Del Toro
1354,Alexander Skarsgard
1355,Anthony Perkins
1356,Bill O Reilly
1357,Berenice Bejo
1358,Alessandra Ambrosio
1359,Aaron Judge
1360,Analeigh Tipton
1361,AnnaSophia Robb
1362,Amy Ryan
1363,Alexis Thorpe
1364,Al Roker
1365,Ashley Greene
1366,Angela Bassett
1367,Barabara Palvin
1368,Audrey Tautou
1369,Ben Foster
1370,Anna Kendrick
1371,Angelina Jolie
1372,Anjelica Huston
1373,Annette Bening
1374,Aaron Judge
1375,Angelina Jolie
1376,Andrew Luck
1377,Benedict Cumberbatch
1378,Andrew Garfield
1379,Anne Baxter
1380,Berenice Bejo
1381,Adrien Brody
1382,Bill Murray
1383,Anthony Hopkins
1384,Amber Heard
1385,Anna Faris
1386,Amber Heard
1387,Andie MacDowell
1388,Anthony Mackie
1389,Anderson Cooper
1390,Al Roker
1391,Adrien Brody
1392,Andy Murray
1393,Bill Paxton
1394,Abigail Breslin
1395,Amy Ryan
1396,Andrew Garfield
1397,Anne Baxter
1398,Bill Rancic
1399,Betty White
1400,Betty White
1401,Ashley Graham
1402,Ava Gardner
1403,Albert Brooks
1404,Alice Eve
1405,Amanda Bynes
1406,Ashton Kutcher
1407,Amanda Peet
1408,Aaron Judge
1409,Ashley Graham
1410,Armin Mueller-Stahl
1411,Bill Pullman
1412,Andy Garcia
1413,Bill Hader
1414,Alx James
1415,Adrianne Palicki
1416,Ben Foster
1417,Andy Serkis
1418,Adrien Brody
1419,Benedict Cumberbatch
1420,Adam Sandler
1421,Alan Arkin
1422,Anne Baxter
1423,Ben Stiller
1424,Audrey Hepburn
1425,Ben Affleck
1426,Alx James
1427,Anthony Mackie
1428,Ben Stiller
1429,Bill Pullman
1430,Anne Bancroft
1431,Ben Kingsley
1432,Adele
1433,Alessandra Ambrosio
1434,Andy Samberg
1435,Barry Pepper
1436,Benjamin Bratt
1437,Bella Hadid
1438,Andrew Garfield
1439,Billy Bob Thornton
1440,Anna Sui
1441,Barbra Streisand
1442,Adrien Brody
1443,Ben Stiller
1444,Bill Pullman
1445,Bella Hadid
1446,Alice Eve
1447,Adriana Lima
1448,Andy Garcia
1449,Alex Pettyfer
1450,Amy Schumer
1451,Arnold Schwarzenegger
1452,Andreea Diaconu
1453,Analeigh Tipton
1454,Andy Serkis
1455,Alex Pettyfer
1456,Alexis Thorpe
1457,Alx James
1458,Andrew Luck
1459,Bernie Mac
1460,Aaron Paul
1461,Anthony Hopkins
1462,Ashley Judd
1463,Adriana Lima
1464,Bill Rancic
1465,Ben Johnson
1466,Al Pacino
1467,Ben Foster
1468,Aaron Taylor-Johnson
1469,Armin Mueller-Stahl
1470,Amanda Crew
1471,Amanda Seyfried
1472,Amber Heard
1473,Andy Samberg
1474,Abigail Breslin
1475,Adrianne Palicki
1476,Amanda Crew
1477,Anna Friel
1478,Adele
1479,Alice Eve
1480,Albert Brooks
1481,Audrey Tautou
1482,Adele
1483,Al Pacino
1484,Alessandra Ambrosio
1485,Al Pacino
1486,Alx James
1487,Alec Baldwin
1488,Beyonce Knowles
1489,Bill Rancic
1490,Ben Affleck
1491,Alan Arkin
1492,Benedict Cumberbatch
1493,Aaron Judge
1494,Adrianne Palicki
1495,Amy Schumer
1496,Alec Baldwin
1497,Angela Bassett
1498,Alexandra Daddario
1499,Barabara Palvin
1500,Bernie Mac
1501,Alexander Skarsgard
1502,Armin Mueller-Stahl
1503,Anne Bancroft
1504,Ben Stiller
1505,Bernie Mac
1506,Alx James
1507,Bill Pullman
1508,Alx James
1509,Adele
1510,Alex Pettyfer
1511,Audrey Hepburn
1512,Ben Johnson
1513,Berenice Bejo
1514,Angelina Jolie
1515,Barabara Palvin
1516,Andrew Luck
1517,Andrew Luck
1518,Amy Adams
1519,Bill Hader
1520,Bill Paxton
1521,Bill Hader
1522,Ben Foster
1523,Alexis Thorpe
1524,Aaron Taylor-Johnson
1525,Aaron Judge
1526,Amber Heard
1527,Anthony Hopkins
1528,Ben Kingsley
1529,Benedict Cumberbatch
1530,Ashley Graham
1531,Ashton Kutcher
1532,Adrianne Palicki
1533,Andreea Diaconu
1534,Ashton Kutcher
1535,Ashley Judd
1536,Analeigh Tipton
1537,Alex Pettyfer
1538,Ben Kingsley
1539,Ben Affleck
1540,Alan Alda
1541,Anne Hathaway
1542,Armin Mueller-Stahl
1543,Angelina Jolie
1544,Alexandra Daddario
1545,Anna Faris
1546,Adele
1547,Anne Bancroft
1548,Ben Foster
1549,Amber Heard
1550,Angelina Jolie
1551,Anna Faris
1552,Ben Affleck
1553,Andy Samberg
1554,Ashton Kutcher
1555,Benedict Cumberbatch
1556,Adele
1557,Angela Bassett
1558,Barabara Palvin
1559,Alexandra Daddario
1560,Ben Foster
1561,Anna Paquin
1562,Andrew Luck
1563,Adriana Barraza
1564,Armin Mueller-Stahl
1565,Alex Pettyfer
1566,Ashley Graham
1567,Andy Murray
1568,Amanda Crew
1569,Ava Gardner
1570,Amanda Peet
1571,Alan Alda
1572,Amanda Peet
1573,Ben Stiller
1574,Andrew Lincoln
1575,Aaron Judge
1576,Benedict Cumberbatch
1577,Adam Sandler
1578,Adrianne Palicki
1579,Ben Stiller
1580,Adrien Brody
1581,Alan Rickman
1582,Bill Pullman
1583,Amanda Seyfried
1584,Alan Rickman
1585,Amanda Crew
1586,Bill Hader
1587,Al Pacino
1588,Adam Sandler
1589,Barabara Palvin
1590,Angelina Jolie
1591,Ashton Kutcher
1592,Anna Friel
1593,Ava Gardner
1594,Alan Rickman
1595,Aaron Taylor-Johnson
1596,Albert Finney
1597,Alan Arkin
1598,Adam Sandler
1599,Amy Ryan
1600,Aaron Judge
1601,Billy Bob Thornton
1602,Akemi Darenogare
1603,Albert Brooks
1604,Amy Adams
1605,Andrew Lincoln
1606,Bill Pullman
1607,Bill Pullman
1608,Adam Sandler
1609,Anna Faris
1610,Anderson Cooper
1611,Anna Faris
1612,Anthony Hopkins
1613,Alan Rickman
1614,Anna Faris
1615,Amy Schumer
1616,Adele
1617,Benicio Del Toro
1618,Ben Affleck
1619,Adele
1620,Beyonce Knowles
1621,Adam Sandler
1622,Audrey Hepburn
1623,Anjelica Huston
1624,Billy Bob Thornton
1625,Amy Schumer
1626,Alec Baldwin
1627,Al Pacino
1628,Amanda Seyfried
1629,Benedict Cumberbatch
1630,Andy Serkis
1631,Antonio Banderas
1632,Amber Heard
1633,Andrew Lincoln
1634,Alice Eve
1635,Analeigh Tipton
1636,Anderson Cooper
1637,Aaron Judge
1638,Alexander Skarsgard
1639,Barry Pepper
1640,Anderson Cooper
1641,Bill Pullman
1642,Ali Larter
1643,Adam Sandler
1644,Andrew Luck
1645,Art Carney
1646,Ben Affleck
1647,Beyonce Knowles
1648,Bill Pullman
1649,Ashley Graham
1650,Anna Paquin
1651,Benjamin Bratt
1652,Anne Baxter
1653,Akemi Darenogare
1654,Alx James
1655,Anderson Cooper
1656,Benjamin Bratt
1657,Benedict Cumberbatch
1658,Anna Sui
1659,Andy Serkis
1660,Andrew Lincoln
1661,Andrew Luck
1662,Amy Adams
1663,Barabara Palvin
1664,Andrew Lincoln
1665,Barry Pepper
1666,Ben Foster
1667,Al Roker
1668,Amanda Peet
1669,Adrien Brody
1670,Anjelica Huston
1671,Beyonce Knowles
1672,Armin Mueller-Stahl
1673,Amy Adams
1674,Bella Hadid
1675,Adriana Lima
1676,Andrew Lincoln
1677,Amber Heard
1678,Anne Bancroft
1679,Anna Kendrick
1680,Ben Stiller
1681,Ben Stiller
1682,Akemi Darenogare
1683,Amanda Peet
1684,Ashley Graham
1685,Bill O Reilly
1686,Al Roker
1687,Anderson Cooper
1688,Aaron Taylor-Johnson
1689,Al Roker
1690,Alan Rickman
1691,Alessandra Ambrosio
1692,Andrew Luck
1693,Aaron Judge
1694,Angela Bassett
1695,Andy Murray
1696,Benicio Del Toro
1697,Barbra Streisand
1698,Ben Affleck
1699,Analeigh Tipton
1700,Alan Rickman
1701,Al Pacino
1702,Amy Ryan
1703,Andrew Garfield
1704,Andreea Diaconu
1705,Anne Baxter
1706,Audrey Tautou
1707,Adam Sandler
1708,Akemi Darenogare
1709,Albert Brooks
1710,Amber Heard
1711,Anna Friel
1712,Bill O Reilly
1713,Alexandra Daddario
1714,Al Roker
1715,Adam Sandler
1716,Andrew Lincoln
1717,Alan Rickman
1718,Andreea Diaconu
1719,Adele
1720,Bill Paxton
1721,bella thorne
1722,Audrey Tautou
1723,Alexis Thorpe
1724,Alx James
1725,Alex Pettyfer
1726,Bella Hadid
1727,Alex Pettyfer
1728,Ben Foster
1729,Anjelica Huston
1730,Abigail Breslin
1731,Ben Stiller
1732,Abigail Breslin
1733,Antonio Banderas
1734,Barabara Palvin
1735,Barabara Palvin
1736,Ashley Graham
1737,Angela Bassett
1738,Amy Ryan
1739,Ashley Judd
1740,Ben Kingsley
1741,Bill Rancic
1742,Barry Pepper
1743,Aaron Taylor-Johnson
1744,Al Roker
1745,Amy Ryan
1746,Ashley Judd
1747,Adele
1748,Bernie Mac
1749,Andy Murray
1750,Ashton Kutcher
1751,Alexander Skarsgard
1752,Barabara Palvin
1753,Amber Heard
1754,Alex Pettyfer
1755,Anna Sui
1756,Aaron Paul
1757,Alexandra Daddario
1758,Ben Foster
1759,Amy Ryan
1760,Anne Bancroft
1761,Armin Mueller-Stahl
1762,AnnaSophia Robb
1763,Andrew Garfield
1764,Anderson Cooper
1765,Anna Kendrick
1766,Ben Kingsley
1767,Al Pacino
1768,bella thorne
1769,Bill Paxton
1770,Adele
1771,Barabara Palvin
1772,Anthony Perkins
1773,Alan Alda
1774,Amy Schumer
1775,Andy Garcia
1776,Aaron Taylor-Johnson
1777,Al Pacino
1778,Andrew Luck
1779,Annette Bening
1780,Anderson Cooper
1781,Billy Bob Thornton
1782,Alx James
1783,Audrey Hepburn
1784,Amber Heard
1785,Analeigh Tipton
1786,Anna Paquin
1787,Ben Foster
1788,bella thorne
1789,Benedict Cumberbatch
1790,Adrien Brody
1791,Andie MacDowell
1792,Anna Faris
1793,Bernie Mac
1794,Bernie Mac
1795,Adele
1796,Alice Eve
1797,Adriana Barraza
1798,Amanda Peet
1799,Anna Sui
1800,Bill Paxton
1801,Amber Heard
1802,Alicia Vikander
1803,Benjamin Bratt
1804,Alex Pettyfer
1805,Alessandra Ambrosio
1806,Adrien Brody
1807,Aaron Taylor-Johnson
1808,Audrey Hepburn
1809,Barry Pepper
1810,Art Carney
1811,Amy Adams
1812,Bill Paxton
1813,Audrey Tautou
1814,Amanda Crew
1815,Beyonce Knowles
1816,Alx James
1817,Albert Brooks
1818,Billy Bob Thornton
1819,Akemi Darenogare
1820,Ben Affleck
1821,Billy Bob Thornton
1822,Antonio Banderas
1823,Amy Adams
1824,Adriana Barraza
1825,Alessandra Ambrosio
1826,Albert Finney
1827,Amy Ryan
1828,Amy Adams
1829,Aaron Paul
1830,Betty White
1831,Berenice Bejo
1832,Bella Hadid
1833,Bill Murray
1834,Ben Foster
1835,Ben Kingsley
1836,Andy Serkis
1837,Anna Faris
1838,Andy Samberg
1839,Akemi Darenogare
1840,Beyonce Knowles
1841,Andrew Luck
1842,Billy Bob Thornton
1843,Amy Schumer
1844,Andy Serkis
1845,Bill O Reilly
1846,Andie MacDowell
1847,Billy Bob Thornton
1848,Art Carney
1849,Alexander Skarsgard
1850,Alexandra Daddario
1851,Al Pacino
1852,Bill Paxton
1853,Andy Garcia
1854,Bill Paxton
1855,Anne Hathaway
1856,Akemi Darenogare
1857,Adriana Lima
1858,Alexandra Daddario
1859,Armin Mueller-Stahl
1860,Albert Brooks
1861,Armin Mueller-Stahl
1862,Ali Larter
1863,Ashley Graham
1864,Anthony Hopkins
1865,Analeigh Tipton
1866,Al Pacino
1867,Art Carney
1868,Ben Johnson
1869,Bill Daley
1870,Alec Baldwin
1871,Alx James
1872,Aaron Paul
1873,Alex Pettyfer
1874,Anne Hathaway
1875,Anna Friel
1876,Andreea Diaconu
1877,Amanda Seyfried
1878,Amy Adams
1879,Amanda Seyfried
1880,Barry Pepper
1881,Amy Ryan
1882,Anna Friel
1883,Andreea Diaconu
1884,Adrien Brody
1885,Andrew Luck
1886,Barabara Palvin
1887,Alx James
1888,Amanda Crew
1889,Adriana Barraza
1890,Anna Faris
1891,Andie MacDowell
1892,Ben Kingsley
1893,Andy Serkis
1894,Alessandra Ambrosio
1895,Andreea Diaconu
1896,Bill Daley
1897,Andy Murray
1898,Anna Friel
1899,Alexandra Daddario
1900,Alex Pettyfer
1901,Audrey Hepburn
1902,Bill Hader
1903,Amanda Seyfried
1904,Amy Adams
1905,Ashton Kutcher
1906,Amanda Seyfried
1907,Bella Hadid
1908,Andreea Diaconu
1909,Amy Ryan
1910,Al Pacino
1911,Alexander Skarsgard
1912,Benedict Cumberbatch
1913,Alan Rickman
1914,Adriana Barraza
1915,Anne Hathaway
1916,Benicio Del Toro
1917,Alexandra Daddario
1918,Anna Sui
1919,Benedict Cumberbatch
1920,Andreea Diaconu
1921,Amy Schumer
1922,Andrew Luck
1923,Amanda Seyfried
1924,Alan Rickman
1925,Adele
1926,Ben Kingsley
1927,Anna Paquin
1928,Aaron Paul
1929,Alexander Skarsgard
1930,Anna Friel
1931,Anne Baxter
1932,bella thorne
1933,Amber Heard
1934,Betty White
1935,Amber Heard
1936,Barbra Streisand
1937,Alicia Vikander
1938,Benjamin Bratt
1939,Anna Paquin
1940,Anna Friel
1941,Armin Mueller-Stahl
1942,Bella Hadid
1943,Amy Ryan
1944,Ashley Graham
1945,Anna Paquin
1946,Bill Pullman
1947,Andrew Luck
1948,Bill Pullman
1949,Andie MacDowell
1950,Bill O Reilly
1951,Alan Alda
1952,Amy Schumer
1953,Adam Sandler
1954,Amanda Seyfried
1955,Anna Faris
1956,Barry Pepper
1957,Anna Kendrick
1958,Betty White
1959,Abigail Breslin
1960,Aaron Taylor-Johnson
1961,Barry Pepper
1962,Audrey Hepburn
1963,Alicia Vikander
1964,Alexandra Daddario
1965,Albert Brooks
1966,Ali Larter
1967,Bill Pullman
1968,Ashley Graham
1969,Anne Baxter
1970,Audrey Hepburn
1971,Amber Heard
1972,Ben Foster
1973,Amy Schumer
1974,Andy Samberg
1975,Ali Larter
1976,Andrew Garfield
1977,Amanda Crew
1978,Bill Pullman
1979,Adriana Barraza
1980,Angela Bassett
1981,Anjelica Huston
1982,Andy Murray
1983,Anna Friel
1984,Bill Murray
1985,Adriana Barraza
1986,Amanda Peet
1987,Amy Adams
1988,Bill Hader
1989,Bill Rancic
1990,Anne Baxter
1991,Anthony Perkins
1992,Bill Daley
1993,Armin Mueller-Stahl
1994,Anne Bancroft
1995,Audrey Tautou
1996,Amanda Bynes
1997,Benicio Del Toro
1998,Alan Arkin
1999,Benedict Cumberbatch
2000,Andreea Diaconu
2001,Albert Finney
2002,Audrey Hepburn
2003,Ali Larter
2004,Adam Sandler
2005,Ben Kingsley
2006,Alx James
2007,Andreea Diaconu
2008,Art Carney
2009,Beyonce Knowles
2010,Annette Bening
2011,Adriana Barraza
2012,Al Roker
2013,Barabara Palvin
2014,Akemi Darenogare
2015,Ashton Kutcher
2016,Annette Bening
2017,Albert Brooks
2018,Alicia Vikander
2019,Angela Bassett
2020,Anna Sui
2021,Bill Murray
2022,Bette Midler
2023,Al Pacino
2024,Anne Bancroft
2025,Benjamin Bratt
2026,Anna Friel
2027,Audrey Hepburn
2028,Anjelica Huston
2029,Andie MacDowell
2030,Amanda Seyfried
2031,Amy Adams
2032,Alex Pettyfer
2033,Anna Friel
2034,Bill Daley
2035,Bill Pullman
2036,Ben Stiller
2037,Barabara Palvin
2038,Betty White
2039,Billy Bob Thornton
2040,Betty White
2041,Anna Paquin
2042,Aaron Taylor-Johnson
2043,Ben Foster
2044,Anjelica Huston
2045,Amanda Peet
2046,Alexandra Daddario
2047,Audrey Tautou
2048,Adrien Brody
2049,Alec Baldwin
2050,Armin Mueller-Stahl
2051,Analeigh Tipton
2052,Bella Hadid
2053,Ashley Graham
2054,Anne Baxter
2055,Bill Daley
2056,Analeigh Tipton
2057,Ben Stiller
2058,Bill Pullman
2059,Alexis Thorpe
2060,bella thorne
2061,Amanda Crew
2062,Art Carney
2063,Andy Garcia
2064,Amy Ryan
2065,Alexander Skarsgard
2066,Bella Hadid
2067,Anna Kendrick
2068,Adam Sandler
2069,Amanda Crew
2070,Andie MacDowell
2071,Bernie Mac
2072,Andie MacDowell
2073,Bill Paxton
2074,Angela Bassett
2075,Bill Daley
2076,Amanda Peet
2077,Alan Rickman
2078,Anne Baxter
2079,Andy Serkis
2080,Alexis Thorpe
2081,Al Pacino
2082,Angela Bassett
2083,Bill Murray
2084,Ben Foster
2085,Andy Garcia
2086,Andrew Luck
2087,Andy Garcia
2088,Andrew Lincoln
2089,Alexander Skarsgard
2090,Anna Paquin
2091,Aaron Judge
2092,Bill Murray
2093,Amber Heard
2094,Bill O Reilly
2095,Bill O Reilly
2096,Angela Bassett
2097,Amanda Crew
2098,Antonio Banderas
2099,Anthony Perkins
2100,Alx James
2101,Alexander Skarsgard
2102,Anne Baxter
2103,Andie MacDowell
2104,Amanda Crew
2105,Anna Kendrick
2106,Anderson Cooper
2107,Abigail Breslin
2108,Abigail Breslin
2109,Audrey Tautou
2110,Andrew Luck
2111,Bill Pullman
2112,Amanda Peet
2113,Audrey Tautou
2114,Anthony Perkins
2115,Andrew Luck
2116,Ben Foster
2117,Adam Sandler
2118,Aaron Taylor-Johnson
2119,Amber Heard
2120,Amanda Seyfried
2121,Arnold Schwarzenegger
2122,Benedict Cumberbatch
2123,Andrew Luck
2124,Andy Garcia
2125,Anna Sui
2126,Aaron Judge
2127,Ashton Kutcher
2128,Anjelica Huston
2129,Armin Mueller-Stahl
2130,Ben Stiller
2131,Benicio Del Toro
2132,Bill Hader
2133,Ben Foster
2134,Anne Baxter
2135,Albert Finney
2136,Amy Ryan
2137,Ben Foster
2138,Bill Paxton
2139,Bill Murray
2140,Anthony Perkins
2141,Bill Daley
2142,Al Pacino
2143,Andie MacDowell
2144,Aaron Paul
2145,Adrien Brody
2146,Anna Kendrick
2147,Amanda Seyfried
2148,Bernie Mac
2149,Barbra Streisand
2150,Andy Samberg
2151,Arnold Schwarzenegger
2152,Adrien Brody
2153,Anne Baxter
2154,Adrianne Palicki
2155,Ashley Graham
2156,Adrien Brody
2157,Analeigh Tipton
2158,Beyonce Knowles
2159,Bill Murray
2160,Alx James
2161,Amy Schumer
2162,Andy Serkis
2163,Bill Daley
2164,Anthony Perkins
2165,Adrianne Palicki
2166,Audrey Hepburn
2167,Analeigh Tipton
2168,Bill Hader
2169,Alec Baldwin
2170,Andy Murray
2171,Anjelica Huston
2172,Amy Schumer
2173,Albert Brooks
2174,Anderson Cooper
2175,Andy Serkis
2176,Analeigh Tipton
2177,Ashley Judd
2178,Alx James
2179,Ben Stiller
2180,Aaron Paul
2181,Anna Friel
2182,Bill Pullman
2183,Barry Pepper
2184,Angelina Jolie
2185,Bill Rancic
2186,Amanda Peet
2187,Anjelica Huston
2188,Adele
2189,Anthony Hopkins
2190,Ashley Graham
2191,Amanda Peet
2192,Antonio Banderas
2193,Bill Paxton
2194,Ashley Greene
2195,Anna Paquin
2196,Andreea Diaconu
2197,Akemi Darenogare
2198,Amy Adams
2199,Ava Gardner
2200,Amy Ryan
2201,Angelina Jolie
2202,Arnold Schwarzenegger
2203,Ashley Graham
2204,Amanda Crew
2205,Anna Paquin
2206,Alexandra Daddario
2207,Anne Hathaway
2208,Andrew Luck
2209,Alan Arkin
2210,Alexis Thorpe
2211,Armin Mueller-Stahl
2212,Andrew Luck
2213,AnnaSophia Robb
2214,Anthony Hopkins
2215,Andrew Luck
2216,Anna Paquin
2217,Bernie Mac
2218,Anthony Hopkins
2219,Anna Sui
2220,Amber Heard
2221,Anna Sui
2222,Bette Midler
2223,Adriana Barraza
2224,Ashton Kutcher
2225,Aaron Taylor-Johnson
2226,Antonio Banderas
2227,Anne Baxter
2228,Andrew Lincoln
2229,Andrew Luck
2230,Al Pacino
2231,Adrien Brody
2232,Ben Foster
2233,Andreea Diaconu
2234,Aaron Taylor-Johnson
2235,Adele
2236,Ava Gardner
2237,Alexander Skarsgard
2238,Audrey Hepburn
2239,Alan Arkin
2240,Adriana Barraza
2241,Adele
2242,Al Roker
2243,Annette Bening
2244,Alan Arkin
2245,Bill Pullman
2246,Ashton Kutcher
2247,Antonio Banderas
2248,Adrien Brody
2249,Andy Murray
2250,Akemi Darenogare
2251,Al Roker
2252,Anne Hathaway
2253,Andrew Luck
2254,Albert Finney
2255,Bill Rancic
2256,Bernie Mac
2257,Andy Samberg
2258,Anthony Mackie
2259,Anthony Perkins
2260,bella thorne
2261,Barry Pepper
2262,Alexis Thorpe
2263,Andrew Luck
2264,Barabara Palvin
2265,Barabara Palvin
2266,Amber Heard
2267,Ben Affleck
2268,Arnold Schwarzenegger
2269,Annette Bening
2270,Al Pacino
2271,Analeigh Tipton
2272,Amy Adams
2273,Alan Rickman
2274,Beyonce Knowles
2275,Alexandra Daddario
2276,Alexis Thorpe
2277,Adele
2278,Ava Gardner
2279,Albert Finney
2280,Alan Rickman
2281,Amy Schumer
2282,Andy Garcia
2283,Andy Serkis
2284,Bill Daley
2285,Andy Garcia
2286,Ava Gardner
2287,Al Pacino
2288,Barbra Streisand
2289,Andrew Luck
2290,Andrew Luck
2291,Amanda Bynes
2292,Beyonce Knowles
2293,Amanda Crew
2294,Andreea Diaconu
2295,Art Carney
2296,Alex Pettyfer
2297,Amanda Seyfried
2298,Analeigh Tipton
2299,Amy Ryan
2300,Art Carney
2301,Alex Pettyfer
2302,Aaron Paul
2303,Alexandra Daddario
2304,Ben Kingsley
2305,Alexandra Daddario
2306,Ben Foster
2307,Andy Murray
2308,Alice Eve
2309,Amanda Crew
2310,Benicio Del Toro
2311,Andreea Diaconu
2312,Adrien Brody
2313,Annette Bening
2314,Alexis Thorpe
2315,Aaron Judge
2316,Alessandra Ambrosio
2317,Abigail Breslin
2318,Annette Bening
2319,Anna Faris
2320,Anthony Perkins
2321,Bill Pullman
2322,Andy Garcia
2323,Bill Pullman
2324,Bill Pullman
2325,Amanda Peet
2326,Ashley Graham
2327,Barry Pepper
2328,Andy Serkis
2329,Ashley Graham
2330,Betty White
2331,Anna Friel
2332,Alexandra Daddario
2333,Albert Brooks
2334,Benjamin Bratt
2335,Angela Bassett
2336,Abigail Breslin
2337,Audrey Tautou
2338,Beyonce Knowles
2339,Benjamin Bratt
2340,Anne Baxter
2341,Andy Serkis
2342,Ben Johnson
2343,Al Pacino
2344,Ben Johnson
2345,Benicio Del Toro
2346,Antonio Banderas
2347,Alx James
2348,Ben Stiller
2349,Anthony Perkins
2350,Andreea Diaconu
2351,Amanda Crew
2352,Adam Sandler
2353,Alan Arkin
2354,Adrien Brody
2355,Bill Pullman
2356,Anna Sui
2357,Aaron Taylor-Johnson
2358,Ashley Greene
2359,bella thorne
2360,Amy Ryan
2361,Adrianne Palicki
2362,Amanda Peet
2363,Benjamin Bratt
2364,Barbra Streisand
2365,Alicia Vikander
2366,Ben Foster
2367,Andrew Garfield
2368,Andy Serkis
2369,Billy Bob Thornton
2370,Amy Ryan
2371,Benedict Cumberbatch
2372,Ben Affleck
2373,Amanda Seyfried
2374,Adele
2375,Anderson Cooper
2376,Al Pacino
2377,Art Carney
2378,Bill Paxton
2379,Analeigh Tipton
2380,Amanda Seyfried
2381,Anthony Perkins
2382,Adrianne Palicki
2383,Aaron Taylor-Johnson
2384,Andrew Luck
2385,Ashley Greene
2386,Annette Bening
2387,Anthony Hopkins
2388,Betty White
2389,Andrew Luck
2390,Betty White
2391,Amanda Crew
2392,Abigail Breslin
2393,Ashton Kutcher
2394,Anna Kendrick
2395,Adam Sandler
2396,Amanda Peet
2397,Analeigh Tipton
2398,Alan Rickman
2399,Armin Mueller-Stahl
2400,Anthony Mackie
2401,Bernie Mac
2402,Andy Samberg
2403,Betty White
2404,Bill O Reilly
2405,Bill O Reilly
2406,Amanda Crew
2407,Alex Pettyfer
2408,Alan Rickman
2409,Beyonce Knowles
2410,AnnaSophia Robb
2411,Anna Sui
2412,Barabara Palvin
2413,Adrianne Palicki
2414,Anna Friel
2415,Amanda Seyfried
2416,Betty White
2417,Andy Samberg
2418,Al Roker
2419,Al Roker
2420,Andy Murray
2421,Audrey Hepburn
2422,Anne Bancroft
2423,Ashley Greene
2424,Barabara Palvin
2425,Bernie Mac
2426,Benicio Del Toro
2427,Andy Garcia
2428,Ben Kingsley
2429,Bill Paxton
2430,Arnold Schwarzenegger
2431,Andrew Luck
2432,Benjamin Bratt
2433,Al Roker
2434,Alan Rickman
2435,Anthony Mackie
2436,Amber Heard
2437,Amy Ryan
2438,Adrien Brody
2439,Arnold Schwarzenegger
2440,Anthony Hopkins
2441,Anne Hathaway
2442,Adam Sandler
2443,Abigail Breslin
2444,Anthony Perkins
2445,Beyonce Knowles
2446,Andy Serkis
2447,Barabara Palvin
2448,Ben Foster
2449,Al Pacino
2450,Anna Paquin
2451,Benedict Cumberbatch
2452,Amanda Seyfried
2453,Angela Bassett
2454,Benedict Cumberbatch
2455,Amanda Bynes
2456,Andrew Luck
2457,Barbra Streisand
2458,Alex Pettyfer
2459,Ben Affleck
2460,Aaron Judge
2461,Albert Finney
2462,Anna Faris
2463,Ben Johnson
2464,Barbra Streisand
2465,Ava Gardner
2466,Andreea Diaconu
2467,Bill Daley
2468,Bill Murray
2469,Aaron Judge
2470,Benicio Del Toro
2471,Anthony Perkins
2472,Bill Rancic
2473,Andy Murray
2474,Anna Faris
2475,Analeigh Tipton
2476,Amber Heard
2477,Abigail Breslin
2478,Barabara Palvin
2479,Adele
2480,Bill Pullman
2481,Bill Hader
2482,Ashley Greene
2483,Anjelica Huston
2484,Barry Pepper
2485,Anthony Hopkins
2486,Benedict Cumberbatch
2487,Anna Friel
2488,Benjamin Bratt
2489,Amanda Peet
2490,Ben Kingsley
2491,Ashley Graham
2492,Ava Gardner
2493,Andy Samberg
2494,Amy Ryan
2495,Anna Paquin
2496,Anthony Mackie
2497,Anne Baxter
2498,Adrianne Palicki
2499,Audrey Hepburn
2500,Adele
2501,Alexis Thorpe
2502,Ben Foster
2503,Anna Paquin
2504,Anna Friel
2505,Alex Pettyfer
2506,Alec Baldwin
2507,Andy Serkis
2508,Anna Friel
2509,Andreea Diaconu
2510,Anjelica Huston
2511,Alexandra Daddario
2512,Bill O Reilly
2513,Amanda Crew
2514,Anderson Cooper
2515,Amanda Seyfried
2516,Anthony Mackie
2517,Albert Finney
2518,Andy Samberg
2519,bella thorne
2520,Amy Schumer
2521,Analeigh Tipton
2522,AnnaSophia Robb
2523,Anderson Cooper
2524,Alx James
2525,Annette Bening
2526,Andy Samberg
2527,Barry Pepper
2528,Aaron Judge
2529,Andy Samberg
2530,Adele
2531,AnnaSophia Robb
2532,Anthony Perkins
2533,Amanda Crew
2534,Anne Bancroft
2535,Alec Baldwin
2536,Benicio Del Toro
2537,Bill Hader
2538,Ben Foster
2539,Annette Bening
2540,Adele
2541,Andie MacDowell
2542,Amy Adams
2543,Anna Sui
2544,Adele
2545,Alicia Vikander
2546,AnnaSophia Robb
2547,Benedict Cumberbatch
2548,Berenice Bejo
2549,Analeigh Tipton
2550,Anna Faris
2551,Benedict Cumberbatch
2552,Alan Rickman
2553,Amber Heard
2554,Art Carney
2555,Anderson Cooper
2556,Barbra Streisand
2557,Alexis Thorpe
2558,Adriana Barraza
2559,Amanda Bynes
2560,Anthony Hopkins
2561,Ashley Greene
2562,Benicio Del Toro
2563,Ben Stiller
2564,Beyonce Knowles
2565,Armin Mueller-Stahl
2566,Bella Hadid
2567,Barbra Streisand
2568,Betty White
2569,Ashley Graham
2570,Bill O Reilly
2571,Ashley Graham
2572,Andy Serkis
2573,Ali Larter
2574,Anna Paquin
2575,Amanda Peet
2576,Alan Alda
2577,Armin Mueller-Stahl
2578,bella thorne
2579,Alexander Skarsgard
2580,Amber Heard
2581,Barbra Streisand
2582,Ashton Kutcher
2583,Audrey Hepburn
2584,Barbra Streisand
2585,Anjelica Huston
2586,Betty White
2587,Al Pacino
2588,Alan Rickman
2589,Alan Arkin
2590,Ashton Kutcher
2591,Bill Paxton
2592,Alexander Skarsgard
2593,Amy Ryan
2594,Alexander Skarsgard
2595,Adrianne Palicki
2596,Amber Heard
2597,Amanda Crew
2598,Bernie Mac
2599,Adrianne Palicki
2600,Amanda Seyfried
2601,Billy Bob Thornton
2602,Anne Hathaway
2603,Audrey Hepburn
2604,bella thorne
2605,Ashley Judd
2606,Ben Johnson
2607,Andreea Diaconu
2608,Barry Pepper
2609,Anne Bancroft
2610,Alec Baldwin
2611,Analeigh Tipton
2612,Alex Pettyfer
2613,Bill Paxton
2614,Alexis Thorpe
2615,Anna Faris
2616,Anna Friel
2617,Amy Adams
2618,Bill Pullman
2619,Alice Eve
2620,Audrey Hepburn
2621,Andy Garcia
2622,Amanda Seyfried
2623,Andy Serkis
2624,Amanda Seyfried
2625,Aaron Judge
2626,Alex Pettyfer
2627,Billy Bob Thornton
2628,Bill O Reilly
2629,Alx James
2630,Alx James
2631,Ashton Kutcher
2632,Alx James
2633,Benedict Cumberbatch
2634,Audrey Tautou
2635,Bill Pullman
2636,Ben Johnson
2637,Anjelica Huston
2638,Bill Pullman
2639,Andie MacDowell
2640,Alexis Thorpe
2641,Akemi Darenogare
2642,Andy Samberg
2643,Andie MacDowell
2644,Audrey Tautou
2645,Anjelica Huston
2646,Albert Brooks
2647,Alan Rickman
2648,Ben Kingsley
2649,Anna Friel
2650,Andie MacDowell
2651,Bill Pullman
2652,Bill Pullman
2653,Aaron Taylor-Johnson
2654,Anna Kendrick
2655,Barry Pepper
2656,Andy Serkis
2657,Ali Larter
2658,Ashley Greene
2659,Andrew Luck
2660,Anna Friel
2661,Andy Garcia
2662,Alx James
2663,Amanda Bynes
2664,Amy Adams
2665,Ashley Greene
2666,Beyonce Knowles
2667,Adam Sandler
2668,Amanda Crew
2669,Antonio Banderas
2670,Anna Faris
2671,Amanda Crew
2672,Aaron Judge
2673,Alan Arkin
2674,Ben Stiller
2675,Andy Serkis
2676,Alan Rickman
2677,Barabara Palvin
2678,Anderson Cooper
2679,Alan Arkin
2680,Barabara Palvin
2681,Berenice Bejo
2682,Berenice Bejo
2683,Ashley Graham
2684,Arnold Schwarzenegger
2685,Barbra Streisand
2686,Anna Paquin
2687,Alexis Thorpe
2688,Bill O Reilly
2689,Al Roker
2690,Beyonce Knowles
2691,Annette Bening
2692,Bill Pullman
2693,Amy Schumer
2694,Aaron Judge
2695,Berenice Bejo
2696,Ashley Graham
2697,Aaron Paul
2698,Betty White
2699,Amanda Peet
2700,Ben Affleck
2701,Aaron Paul
2702,Alex Pettyfer
2703,Bill O Reilly
2704,Audrey Hepburn
2705,Alicia Vikander
2706,Amanda Peet
2707,Barbra Streisand
2708,Ben Affleck
2709,Bill Paxton
2710,Barry Pepper
2711,Anna Sui
2712,Ava Gardner
2713,Anthony Mackie
2714,Amber Heard
2715,Anna Friel
2716,Adrianne Palicki
2717,Alicia Vikander
2718,Anna Sui
2719,Anna Friel
2720,Abigail Breslin
2721,Al Pacino
2722,Ali Larter
2723,Anna Faris
2724,Anna Sui
2725,Bill Murray
2726,Amy Ryan
2727,Benedict Cumberbatch
2728,Andrew Lincoln
2729,Benjamin Bratt
2730,Amy Adams
2731,Alan Rickman
2732,Anjelica Huston
2733,Ben Foster
2734,Al Roker
2735,Alx James
2736,Bill Rancic
2737,Audrey Hepburn
2738,Amanda Peet
2739,Alan Alda
2740,Amber Heard
2741,Bill Daley
2742,Benjamin Bratt
2743,Amanda Seyfried
2744,Bill O Reilly
2745,Billy Bob Thornton
2746,Ashton Kutcher
2747,Anna Paquin
2748,Abigail Breslin
2749,Amy Schumer
2750,Audrey Hepburn
2751,Amanda Seyfried
2752,Andy Samberg
2753,Bill Pullman
2754,Abigail Breslin
2755,Al Pacino
2756,Adriana Lima
2757,Ben Johnson
2758,Armin Mueller-Stahl
2759,Alex Pettyfer
2760,Antonio Banderas
2761,Bill Paxton
2762,Adrien Brody
2763,Adele
2764,Amanda Crew
2765,Amber Heard
2766,Bernie Mac
2767,Ali Larter
2768,Anna Faris
2769,Amber Heard
2770,Bill Hader
2771,Andy Serkis
2772,Arnold Schwarzenegger
2773,Anjelica Huston
2774,Barabara Palvin
2775,Ava Gardner
2776,Amber Heard
2777,Anne Bancroft
2778,Alex Pettyfer
2779,Aaron Paul
2780,Andy Serkis
2781,Aaron Taylor-Johnson
2782,Albert Finney
2783,Amanda Crew
2784,Albert Finney
2785,Barabara Palvin
2786,Amanda Crew
2787,Amy Adams
2788,Anne Bancroft
2789,Alexis Thorpe
2790,Amanda Crew
2791,Amanda Seyfried
2792,Benicio Del Toro
2793,Anna Friel
2794,Amy Ryan
2795,Ben Kingsley
2796,Amber Heard
2797,Anne Hathaway
2798,Andrew Luck
2799,Ben Johnson
2800,Andy Serkis
2801,Abigail Breslin
2802,Amy Ryan
2803,Anna Sui
2804,Anna Friel
2805,Bill Hader
2806,Akemi Darenogare
2807,Amy Ryan
2808,Anthony Mackie
2809,Adele
2810,Aaron Paul
2811,Ashley Judd
2812,Bill Paxton
2813,Alessandra Ambrosio
2814,Al Pacino
2815,Anjelica Huston
2816,Andy Garcia
2817,Ali Larter
2818,Andy Samberg
2819,Bella Hadid
2820,Amanda Seyfried
2821,Andrew Lincoln
2822,Andy Serkis
2823,Alan Arkin
2824,Amanda Crew
2825,Anderson Cooper
2826,Andrew Garfield
2827,Alec Baldwin
2828,Armin Mueller-Stahl
2829,Aaron Judge
2830,Bill Paxton
2831,Alan Rickman
2832,Annette Bening
2833,Anjelica Huston
2834,Adele
2835,Amanda Crew
2836,Anna Friel
2837,Bill Rancic
2838,Adriana Lima
2839,Ashley Judd
2840,Bill Murray
2841,Berenice Bejo
2842,Anjelica Huston
2843,Andrew Luck
2844,Andy Garcia
2845,Alec Baldwin
2846,Anna Faris
2847,Armin Mueller-Stahl
2848,Anne Bancroft
2849,Berenice Bejo
2850,Ashley Graham
2851,Abigail Breslin
2852,Alex Pettyfer
2853,Bill Pullman
2854,Andy Murray
2855,Amy Ryan
2856,Albert Finney
2857,Akemi Darenogare
2858,Anna Friel
2859,Andrew Luck
2860,Amy Ryan
2861,Benicio Del Toro
2862,Andreea Diaconu
2863,Barbra Streisand
2864,Benedict Cumberbatch
2865,Adam Sandler
2866,Ben Affleck
2867,Andrew Garfield
2868,Benjamin Bratt
2869,Ben Affleck
2870,Anderson Cooper
2871,Andreea Diaconu
2872,Billy Bob Thornton
2873,Berenice Bejo
2874,Bill O Reilly
2875,Billy Bob Thornton
2876,Ashton Kutcher
2877,Ava Gardner
2878,AnnaSophia Robb
2879,Betty White
2880,Benedict Cumberbatch
2881,Andie MacDowell
2882,Anna Paquin
2883,Ashley Greene
2884,Amanda Crew
2885,Audrey Hepburn
2886,Adele
2887,Barry Pepper
2888,Anne Baxter
2889,Andrew Luck
2890,Akemi Darenogare
2891,Alessandra Ambrosio
2892,Angelina Jolie
2893,Aaron Taylor-Johnson
2894,Amanda Crew
2895,Antonio Banderas
2896,Amanda Seyfried
2897,Adriana Lima
2898,Andie MacDowell
2899,Anjelica Huston
2900,Alexander Skarsgard
2901,Anna Paquin
2902,Billy Bob Thornton
2903,Barry Pepper
2904,Albert Brooks
2905,Art Carney
2906,Arnold Schwarzenegger
2907,Benedict Cumberbatch
2908,Ashley Judd
2909,Aaron Judge
2910,Anne Baxter
2911,Audrey Hepburn
2912,Amber Heard
2913,Barry Pepper
2914,Audrey Hepburn
2915,Adrianne Palicki
2916,Ashley Judd
2917,Andrew Luck
2918,Ava Gardner
2919,Andrew Lincoln
2920,Adele
2921,Alexander Skarsgard
2922,Barabara Palvin
2923,AnnaSophia Robb
2924,Anjelica Huston
2925,Beyonce Knowles
2926,Bill Murray
2927,Andrew Luck
2928,Amy Adams
2929,Benjamin Bratt
2930,Amy Ryan
2931,Beyonce Knowles
2932,Ashley Greene
2933,Alice Eve
2934,Albert Finney
2935,Analeigh Tipton
2936,Anthony Hopkins
2937,Alan Rickman
2938,Alexis Thorpe
2939,Angelina Jolie
2940,Amber Heard
2941,Anna Faris
2942,Adam Sandler
2943,Adrianne Palicki
2944,Al Pacino
2945,Alec Baldwin
2946,Arnold Schwarzenegger
2947,Anna Friel
2948,Ben Kingsley
2949,Albert Brooks
2950,Annette Bening
2951,Ashley Judd
2952,Amanda Seyfried
2953,Amanda Crew
2954,Al Roker
2955,Barry Pepper
2956,Anna Friel
2957,Andy Serkis
2958,Andie MacDowell
2959,Adrianne Palicki
2960,Billy Bob Thornton
2961,bella thorne
2962,Alan Rickman
2963,Alexandra Daddario
2964,Anthony Mackie
2965,Amanda Peet
2966,Alicia Vikander
2967,Barbra Streisand
2968,Anna Friel
2969,Anne Bancroft
2970,Anna Paquin
2971,Barbra Streisand
2972,Amanda Bynes
2973,Bill Daley
2974,Angela Bassett
2975,Benjamin Bratt
2976,Benicio Del Toro
2977,Alex Pettyfer
2978,Aaron Taylor-Johnson
2979,Anna Faris
2980,Amy Adams
2981,Alan Alda
2982,Alan Rickman
2983,Ashley Judd
2984,Andrew Luck
2985,Benedict Cumberbatch
2986,Bill Pullman
2987,Amanda Seyfried
2988,Alexander Skarsgard
2989,Amanda Bynes
2990,Adele
2991,Andy Garcia
2992,Aaron Taylor-Johnson
2993,Alx James
2994,Aaron Judge
2995,Antonio Banderas
2996,Ben Affleck
2997,Amanda Peet
2998,Andy Murray
2999,Benicio Del Toro
3000,Anthony Perkins
3001,Anthony Mackie
3002,Billy Bob Thornton
3003,Alexander Skarsgard
3004,Angela Bassett
3005,Anne Hathaway
3006,Anna Friel
3007,Anderson Cooper
3008,Amanda Crew
3009,Amy Adams
3010,Anna Sui
3011,Alx James
3012,Bill Pullman
3013,Bill Daley
3014,Bill Paxton
3015,Ashley Judd
3016,Anthony Mackie
3017,Benicio Del Toro
3018,Alexander Skarsgard
3019,Abigail Breslin
3020,Ashley Graham
3021,Angela Bassett
3022,Aaron Judge
3023,Ashley Judd
3024,Bill O Reilly
3025,Anne Hathaway
3026,Bella Hadid
3027,Alexis Thorpe
3028,Annette Bening
3029,Annette Bening
3030,Akemi Darenogare
3031,Armin Mueller-Stahl
3032,Anjelica Huston
3033,Akemi Darenogare
3034,Ben Affleck
3035,Andy Garcia
3036,Bill Pullman
3037,Bill Paxton
3038,Anjelica Huston
3039,Alan Arkin
3040,Bill Pullman
3041,Amy Adams
3042,Bill Rancic
3043,Amanda Peet
3044,Andrew Luck
3045,Albert Finney
3046,Alec Baldwin
3047,Adriana Lima
3048,Amber Heard
3049,Ava Gardner
3050,Alx James
3051,Barry Pepper
3052,Anderson Cooper
3053,Albert Finney
3054,Alex Pettyfer
3055,Albert Finney
3056,Anthony Perkins
3057,Anne Hathaway
3058,Antonio Banderas
3059,Alx James
3060,Amanda Crew
3061,Andrew Lincoln
3062,Anthony Mackie
3063,Amy Schumer
3064,Alexandra Daddario
3065,Aaron Taylor-Johnson
3066,Audrey Hepburn
3067,Bill Daley
3068,Andrew Luck
3069,Bill Paxton
3070,Adam Sandler
3071,Bill Pullman
3072,Ashley Judd
3073,Ben Affleck
3074,Anne Baxter
3075,Barabara Palvin
3076,Benedict Cumberbatch
3077,bella thorne
3078,Albert Brooks
3079,Anna Friel
3080,Alex Pettyfer
3081,Anna Kendrick
3082,Arnold Schwarzenegger
3083,Bill O Reilly
3084,Amy Schumer
3085,Analeigh Tipton
3086,Benedict Cumberbatch
3087,Anderson Cooper
3088,Amanda Seyfried
3089,Anthony Perkins
3090,Amy Ryan
3091,Alexander Skarsgard
3092,Ben Foster
3093,Albert Brooks
3094,Amanda Bynes
3095,Benjamin Bratt
3096,Andrew Garfield
3097,Ben Affleck
3098,Bella Hadid
3099,Ben Foster
3100,Anna Faris
3101,Ben Foster
3102,Anna Faris
3103,Barry Pepper
3104,Anthony Mackie
3105,Alexandra Daddario
3106,Anna Sui
3107,Bill Pullman
3108,Beyonce Knowles
3109,Beyonce Knowles
3110,Barabara Palvin
3111,Anne Bancroft
3112,Bill Murray
3113,Billy Bob Thornton
3114,Alx James
3115,Adele
3116,Anthony Perkins
3117,Bill O Reilly
3118,Anderson Cooper
3119,Anne Bancroft
3120,bella thorne
3121,Anne Bancroft
3122,Alessandra Ambrosio
3123,Barabara Palvin
3124,Adrianne Palicki
3125,Anthony Perkins
3126,Amy Adams
3127,Andreea Diaconu
3128,Benjamin Bratt
3129,Andrew Luck
3130,Anjelica Huston
3131,Alessandra Ambrosio
3132,Andreea Diaconu
3133,Adrien Brody
3134,Ashton Kutcher
3135,Andreea Diaconu
3136,Alx James
3137,Alan Rickman
3138,Ben Foster
3139,Alx James
3140,Billy Bob Thornton
3141,Anjelica Huston
3142,Art Carney
3143,Alx James
3144,Aaron Taylor-Johnson
3145,Anthony Perkins
3146,Andrew Luck
3147,Audrey Tautou
3148,Benicio Del Toro
3149,Bernie Mac
3150,Adrien Brody
3151,Ava Gardner
3152,Anna Sui
3153,Barbra Streisand
3154,Alx James
3155,Benedict Cumberbatch
3156,Anne Bancroft
3157,Al Roker
3158,Benedict Cumberbatch
3159,Akemi Darenogare
3160,Barbra Streisand
3161,Andie MacDowell
3162,Aaron Paul
3163,Alx James
3164,Bill Rancic
3165,Anthony Hopkins
3166,Anthony Mackie
3167,Anna Friel
3168,Aaron Judge
3169,Billy Bob Thornton
3170,Ben Johnson
3171,Ashley Graham
3172,Amy Ryan
3173,Berenice Bejo
3174,Amy Ryan
3175,Andreea Diaconu
3176,Al Pacino
3177,Adrianne Palicki
3178,Amanda Crew
3179,Adrien Brody
3180,Anne Baxter
3181,Akemi Darenogare
3182,Albert Finney
3183,Audrey Tautou
3184,Bill Pullman
3185,Andie MacDowell
3186,Ben Affleck
3187,Ashley Graham
3188,Anne Bancroft
3189,Andrew Luck
3190,bella thorne
3191,Barry Pepper
3192,Anne Baxter
3193,Audrey Hepburn
3194,Andy Garcia
3195,Benicio Del Toro
3196,Adriana Barraza
3197,Bill Hader
3198,Anthony Mackie
3199,Anna Kendrick
3200,Arnold Schwarzenegger
3201,Anna Paquin
3202,AnnaSophia Robb
3203,Alexandra Daddario
3204,Aaron Taylor-Johnson
3205,Benedict Cumberbatch
3206,Amy Adams
3207,Ben Affleck
3208,Amanda Seyfried
3209,Anderson Cooper
3210,Bill Murray
3211,Alan Alda
3212,Alicia Vikander
3213,Bill Paxton
3214,Berenice Bejo
3215,Berenice Bejo
3216,Antonio Banderas
3217,Albert Brooks
3218,Amanda Seyfried
3219,Anna Sui
3220,Albert Brooks
3221,Analeigh Tipton
3222,Anthony Perkins
3223,Andy Garcia
3224,Adrien Brody
3225,Al Pacino
3226,Ashley Judd
3227,Anthony Hopkins
3228,Anna Kendrick
3229,Benicio Del Toro
3230,Barbra Streisand
3231,Benicio Del Toro
3232,Anthony Hopkins
3233,Bill Pullman
3234,Ben Foster
3235,Art Carney
3236,Betty White
3237,Audrey Tautou
3238,Adam Sandler
3239,Adam Sandler
3240,Alx James
3241,Andrew Garfield
3242,Anna Friel
3243,Bill Murray
3244,Ben Stiller
3245,Anderson Cooper
3246,Andy Garcia
3247,Bill Daley
3248,Audrey Tautou
3249,Akemi Darenogare
3250,Amy Ryan
3251,Anna Paquin
3252,Andreea Diaconu
3253,Amanda Crew
3254,Anderson Cooper
3255,Alx James
3256,Alexandra Daddario
3257,Adriana Lima
3258,Anna Friel
3259,Adriana Barraza
3260,Ben Stiller
3261,Andy Serkis
3262,Bill O Reilly
3263,Andy Garcia
3264,Akemi Darenogare
3265,Ashley Graham
3266,Ashley Graham
3267,Andy Garcia
3268,Aaron Taylor-Johnson
3269,Andy Serkis
3270,Antonio Banderas
3271,Anna Faris
3272,Anthony Mackie
3273,Anne Hathaway
3274,Bill O Reilly
3275,Al Pacino
3276,Amanda Bynes
3277,Amy Ryan
3278,Angelina Jolie
3279,Ben Foster
3280,Ben Johnson
3281,Ben Stiller
3282,Amy Schumer
3283,Bill Rancic
3284,Ava Gardner
3285,Anthony Hopkins
3286,Annette Bening
3287,Al Pacino
3288,Barry Pepper
3289,Al Roker
3290,Alexandra Daddario
3291,Akemi Darenogare
3292,bella thorne
3293,Bella Hadid
3294,Aaron Taylor-Johnson
3295,Andy Murray
3296,Alexander Skarsgard
3297,Barabara Palvin
3298,Alan Rickman
3299,Amy Ryan
3300,Benedict Cumberbatch
3301,bella thorne
3302,Armin Mueller-Stahl
3303,Andrew Luck
3304,Anna Friel
3305,Bill Murray
3306,Amanda Crew
3307,Amy Ryan
3308,Adrien Brody
3309,Al Roker
3310,Amy Schumer
3311,Anna Kendrick
3312,Amber Heard
3313,Alexander Skarsgard
3314,Ben Foster
3315,Anderson Cooper
3316,Ashley Judd
3317,Amber Heard
3318,Barry Pepper
3319,Bette Midler
3320,Benedict Cumberbatch
3321,Analeigh Tipton
3322,Ben Johnson
3323,Angela Bassett
3324,Ashley Graham
3325,Bill Paxton
3326,Anthony Perkins
3327,Ali Larter
3328,bella thorne
3329,Audrey Hepburn
3330,Armin Mueller-Stahl
3331,Adriana Barraza
3332,Audrey Hepburn
3333,Bernie Mac
3334,Andie MacDowell
3335,Anderson Cooper
3336,Amanda Crew
3337,Annette Bening
3338,Aaron Judge
3339,Alec Baldwin
3340,Aaron Paul
3341,Beyonce Knowles
3342,Bill Rancic
3343,Ali Larter
3344,Beyonce Knowles
3345,Amy Adams
3346,Anderson Cooper
3347,Andy Garcia
3348,Anderson Cooper
3349,Anna Sui
3350,Anna Paquin
3351,Audrey Hepburn
3352,Amanda Crew
3353,Andy Garcia
3354,Amanda Seyfried
3355,Antonio Banderas
3356,Alexandra Daddario
3357,Benedict Cumberbatch
3358,Ava Gardner
3359,Anna Sui
3360,Anna Faris
3361,Ben Johnson
3362,Alexandra Daddario
3363,Anthony Hopkins
3364,Amber Heard
3365,Audrey Tautou
3366,Bernie Mac
3367,Angelina Jolie
3368,Alexander Skarsgard
3369,Andy Serkis
3370,Andrew Garfield
3371,Ben Affleck
3372,Al Roker
3373,Adrianne Palicki
3374,Bernie Mac
3375,Benicio Del Toro
3376,Ben Affleck
3377,Al Roker
3378,Alec Baldwin
3379,Anthony Hopkins
3380,Billy Bob Thornton
3381,Anne Baxter
3382,Amy Adams
3383,Anna Sui
3384,Arnold Schwarzenegger
3385,Amy Schumer
3386,Andreea Diaconu
3387,Bill Daley
3388,Anna Paquin
3389,Adele
3390,Ashley Greene
3391,Ashley Greene
3392,Bill Murray
3393,Anna Sui
3394,Bill Pullman
3395,Bill Paxton
3396,Analeigh Tipton
3397,Aaron Paul
3398,Albert Finney
3399,Bill Pullman
3400,Aaron Judge
3401,Benicio Del Toro
3402,Amy Adams
3403,Alan Rickman
3404,Adrianne Palicki
3405,Al Pacino
3406,Ali Larter
3407,Benjamin Bratt
3408,Benicio Del Toro
3409,Andy Serkis
3410,Anna Faris
3411,Bernie Mac
3412,Amanda Bynes
3413,Amanda Crew
3414,Barbra Streisand
3415,Amy Schumer
3416,Barry Pepper
3417,Berenice Bejo
3418,Anthony Hopkins
3419,Alx James
3420,Bill O Reilly
3421,Anne Bancroft
3422,Ashley Judd
3423,Anthony Perkins
3424,Benicio Del Toro
3425,Ben Foster
3426,Alexandra Daddario
3427,Amanda Crew
3428,Ben Affleck
3429,Alessandra Ambrosio
3430,AnnaSophia Robb
3431,Angelina Jolie
3432,Alx James
3433,Alicia Vikander
3434,Andy Serkis
3435,Ben Affleck
3436,Andy Garcia
3437,Anthony Mackie
3438,Barabara Palvin
3439,Alexis Thorpe
3440,Albert Brooks
3441,Amber Heard
3442,Adriana Barraza
3443,Ben Johnson
3444,Bette Midler
3445,Al Pacino
3446,Art Carney
3447,Amanda Peet
3448,Alan Arkin
3449,Benedict Cumberbatch
3450,Al Roker
3451,Alexis Thorpe
3452,Benedict Cumberbatch
3453,Albert Brooks
3454,Bella Hadid
3455,Ashley Judd
3456,Ali Larter
3457,Benjamin Bratt
3458,Alex Pettyfer
3459,Ben Foster
3460,Ben Johnson
3461,Alexis Thorpe
3462,Andy Garcia
3463,Adrianne Palicki
3464,Bill Pullman
3465,Audrey Hepburn
3466,Al Pacino
3467,Andy Samberg
3468,Adrianne Palicki
3469,Andie MacDowell
3470,Adam Sandler
3471,Anthony Hopkins
3472,Andie MacDowell
3473,Aaron Paul
3474,Berenice Bejo
3475,Adele
3476,Al Roker
3477,Bette Midler
3478,Alan Arkin
3479,Bill Pullman
3480,Anna Paquin
3481,Anna Faris
3482,Ashley Graham
3483,Adrien Brody
3484,Adam Sandler
3485,Adriana Barraza
3486,Art Carney
3487,Andy Serkis
3488,Bette Midler
3489,Antonio Banderas
3490,Anne Bancroft
3491,Andreea Diaconu
3492,Alec Baldwin
3493,Andy Garcia
3494,Beyonce Knowles
3495,Adele
3496,Adriana Barraza
3497,Anna Paquin
3498,Amanda Crew
3499,Anjelica Huston
3500,Albert Brooks
3501,Alessandra Ambrosio
3502,Ben Foster
3503,Anthony Perkins
3504,Andy Samberg
3505,Al Roker
3506,Aaron Paul
3507,Anderson Cooper
3508,Albert Brooks
3509,Amber Heard
3510,bella thorne
3511,Art Carney
3512,Bill Rancic
3513,Anna Faris
3514,Alan Rickman
3515,Al Roker
3516,Andy Garcia
3517,Angela Bassett
3518,Aaron Paul
3519,Ben Foster
3520,Alx James
3521,Anne Bancroft
3522,Ben Kingsley
3523,Alexandra Daddario
3524,Albert Brooks
3525,Annette Bening
3526,Andy Serkis
3527,Adele
3528,Benicio Del Toro
3529,Angelina Jolie
3530,Anna Kendrick
3531,Amy Schumer
3532,Bill Daley
3533,Andy Murray
3534,Antonio Banderas
3535,Barbra Streisand
3536,Andy Serkis
3537,Amy Schumer
3538,Alice Eve
3539,Albert Brooks
3540,Alexis Thorpe
3541,Andrew Luck
3542,Audrey Hepburn
3543,Bill O Reilly
3544,Betty White
3545,Ben Affleck
3546,Alan Alda
3547,Benedict Cumberbatch
3548,Bill Rancic
3549,Betty White
3550,Andy Samberg
3551,Alicia Vikander
3552,Benicio Del Toro
3553,bella thorne
3554,Ashley Graham
3555,Alexis Thorpe
3556,Akemi Darenogare
3557,Bette Midler
3558,Ben Stiller
3559,Anne Bancroft
3560,Ashley Graham
3561,Anthony Hopkins
3562,Billy Bob Thornton
3563,Benedict Cumberbatch
3564,Amy Ryan
3565,Bella Hadid
3566,Betty White
3567,Andy Murray
3568,Anna Sui
3569,Anne Baxter
3570,Andrew Luck
3571,bella thorne
3572,Adele
3573,Anne Baxter
3574,Adrianne Palicki
3575,Alessandra Ambrosio
3576,Ashley Greene
3577,Arnold Schwarzenegger
3578,Benjamin Bratt
3579,Angela Bassett
3580,Beyonce Knowles
3581,Ashley Graham
3582,Ashley Judd
3583,Bill Pullman
3584,AnnaSophia Robb
3585,Armin Mueller-Stahl
3586,Alan Rickman
3587,Ashley Greene
3588,Adriana Barraza
3589,Andrew Luck
3590,Ashton Kutcher
3591,Amanda Crew
3592,Barbra Streisand
3593,Ashton Kutcher
3594,Anthony Mackie
3595,Benicio Del Toro
3596,Andy Garcia
3597,Bill O Reilly
3598,Akemi Darenogare
3599,Adam Sandler
3600,Alessandra Ambrosio
3601,Ben Affleck
3602,Ben Johnson
3603,Adriana Lima
3604,Benjamin Bratt
3605,Bill Hader
3606,Adriana Barraza
3607,Abigail Breslin
3608,Anna Paquin
3609,Anjelica Huston
3610,Anne Baxter
3611,Anna Sui
3612,Aaron Judge
3613,Audrey Tautou
3614,Bette Midler
3615,Ashley Judd
3616,Beyonce Knowles
3617,Alice Eve
3618,Betty White
3619,Berenice Bejo
3620,Ben Foster
3621,Amanda Crew
3622,Ben Foster
3623,Betty White
3624,Alx James
3625,Anjelica Huston
3626,Bill Rancic
3627,Bill Rancic
3628,Alessandra Ambrosio
3629,Andie MacDowell
3630,Bette Midler
3631,Adele
3632,Anna Sui
3633,bella thorne
3634,Angelina Jolie
3635,Alec Baldwin
3636,Bernie Mac
3637,Ashley Graham
3638,Adele
3639,Bill O Reilly
3640,Anna Sui
3641,Andy Samberg
3642,Ben Stiller
3643,Anna Kendrick
3644,Amanda Peet
3645,Analeigh Tipton
3646,Anthony Mackie
3647,Anne Hathaway
3648,Alicia Vikander
3649,Albert Finney
3650,Anne Bancroft
3651,Antonio Banderas
3652,Barabara Palvin
3653,Analeigh Tipton
3654,Adrien Brody
3655,Anderson Cooper
3656,Antonio Banderas
3657,Alexis Thorpe
3658,Andrew Garfield
3659,Ashley Judd
3660,Barabara Palvin
3661,Ali Larter
3662,Aaron Taylor-Johnson
3663,Anne Baxter
3664,Benedict Cumberbatch
3665,Albert Finney
3666,Adriana Barraza
3667,Amanda Seyfried
3668,Albert Brooks
3669,Al Roker
3670,Anne Baxter
3671,Andy Serkis
3672,Ashley Greene
3673,Benjamin Bratt
3674,Ali Larter
3675,Andy Murray
3676,Ashley Judd
3677,Anderson Cooper
3678,Benicio Del Toro
3679,Aaron Judge
3680,Benedict Cumberbatch
3681,Bill Pullman
3682,bella thorne
3683,Amanda Seyfried
3684,Andrew Luck
3685,Al Roker
3686,Audrey Tautou
3687,Ben Affleck
3688,Anthony Hopkins
3689,Adele
3690,Bill Paxton
3691,Amber Heard
3692,Aaron Paul
3693,Amanda Bynes
3694,Adrianne Palicki
3695,Andreea Diaconu
3696,Alan Rickman
3697,Al Pacino
3698,Bill Murray
3699,Alexis Thorpe
3700,AnnaSophia Robb
3701,Andreea Diaconu
3702,Anna Sui
3703,Barabara Palvin
3704,Analeigh Tipton
3705,Antonio Banderas
3706,Ben Foster
3707,Armin Mueller-Stahl
3708,Al Roker
3709,Amy Ryan
3710,Arnold Schwarzenegger
3711,Anderson Cooper
3712,Ben Stiller
3713,Ava Gardner
3714,Betty White
3715,Benedict Cumberbatch
3716,Ashley Graham
3717,Ashley Judd
3718,Barabara Palvin
3719,Anna Paquin
3720,Ben Kingsley
3721,Al Roker
3722,Andie MacDowell
3723,Bill Pullman
3724,Anderson Cooper
3725,Bella Hadid
3726,Anthony Hopkins
3727,Aaron Paul
3728,Aaron Judge
3729,Andy Garcia
3730,Bella Hadid
3731,Armin Mueller-Stahl
3732,Amanda Crew
3733,Anna Friel
3734,Billy Bob Thornton
3735,Andy Garcia
3736,Betty White
3737,Andreea Diaconu
3738,Anna Kendrick
3739,Aaron Taylor-Johnson
3740,Bill Hader
3741,Ashley Judd
3742,Bill Pullman
3743,Aaron Taylor-Johnson
3744,Audrey Tautou
3745,Bill Hader
3746,Amber Heard
3747,Andy Murray
3748,Anthony Hopkins
3749,Anna Faris
3750,Alx James
3751,Anderson Cooper
3752,Anna Sui
3753,Alan Arkin
3754,Barabara Palvin
3755,Bill Pullman
3756,Amanda Seyfried
3757,Amanda Seyfried
3758,Ashley Judd
3759,Analeigh Tipton
3760,Andrew Garfield
3761,Beyonce Knowles
3762,Bill Pullman
3763,Angelina Jolie
3764,Ashley Graham
3765,Amber Heard
3766,Alan Alda
3767,Ben Affleck
3768,Andie MacDowell
3769,Adriana Barraza
3770,Anderson Cooper
3771,Alan Rickman
3772,Andrew Luck
3773,Bernie Mac
3774,Ben Affleck
3775,Armin Mueller-Stahl
3776,Anna Faris
3777,Analeigh Tipton
3778,Amy Schumer
3779,Anna Faris
3780,Amber Heard
3781,Alexandra Daddario
3782,Anne Bancroft
3783,Al Pacino
3784,Al Roker
3785,Adele
3786,Albert Brooks
3787,Benedict Cumberbatch
3788,Bill Paxton
3789,Benedict Cumberbatch
3790,Ben Kingsley
3791,bella thorne
3792,Adam Sandler
3793,Adriana Lima
3794,Alec Baldwin
3795,Ben Stiller
3796,Ben Affleck
3797,Andrew Luck
3798,Antonio Banderas
3799,Bill Pullman
3800,Barabara Palvin
3801,AnnaSophia Robb
3802,Andy Samberg
3803,Barbra Streisand
3804,Benjamin Bratt
3805,Bill Hader
3806,Analeigh Tipton
3807,Amy Adams
3808,Amanda Peet
3809,Ashley Judd
3810,Akemi Darenogare
3811,Benjamin Bratt
3812,Ben Affleck
3813,Bill O Reilly
3814,Adriana Barraza
3815,Anne Bancroft
3816,Aaron Judge
3817,Adele
3818,Alan Arkin
3819,Anna Sui
3820,Bill Hader
3821,Anna Kendrick
3822,Amy Schumer
3823,Audrey Tautou
3824,Ben Foster
3825,Benjamin Bratt
3826,Angelina Jolie
3827,Akemi Darenogare
3828,Ashton Kutcher
3829,Anne Hathaway
3830,Art Carney
3831,Bernie Mac
3832,Ben Affleck
3833,Andreea Diaconu
3834,Barry Pepper
3835,Bernie Mac
3836,Bill O Reilly
3837,Alessandra Ambrosio
3838,Alexis Thorpe
3839,Ben Kingsley
3840,Anna Paquin
3841,Amber Heard
3842,Ben Johnson
3843,Ben Affleck
3844,Alan Arkin
3845,Andreea Diaconu
3846,Anthony Mackie
3847,Alex Pettyfer
3848,Audrey Hepburn
3849,Angelina Jolie
3850,Adam Sandler
3851,Alexander Skarsgard
3852,Anna Faris
3853,Barabara Palvin
3854,Amy Adams
3855,Ava Gardner
3856,Anderson Cooper
3857,Andreea Diaconu
3858,Anne Bancroft
3859,Bill Rancic
3860,AnnaSophia Robb
3861,Ali Larter
3862,Anna Paquin
3863,Anna Faris
3864,Alexander Skarsgard
3865,Amy Schumer
3866,Alec Baldwin
3867,Bill Murray
3868,Ben Stiller
3869,Anna Friel
3870,Andy Garcia
3871,Anna Sui
3872,Alexander Skarsgard
3873,Anna Kendrick
3874,bella thorne
3875,Bernie Mac
3876,Bette Midler
3877,Armin Mueller-Stahl
3878,Barry Pepper
3879,Adrianne Palicki
3880,Alan Alda
3881,Benicio Del Toro
3882,Al Roker
3883,Anne Baxter
3884,Benicio Del Toro
3885,Abigail Breslin
3886,Alex Pettyfer
3887,Ava Gardner
3888,Angelina Jolie
3889,Audrey Tautou
3890,Anna Sui
3891,Al Pacino
3892,Amber Heard
3893,Alexis Thorpe
3894,Anthony Hopkins
3895,Al Pacino
3896,Bill Daley
3897,Annette Bening
3898,Adrien Brody
3899,Ben Johnson
3900,Amanda Peet
3901,Andrew Luck
3902,Anna Friel
3903,Alessandra Ambrosio
3904,Amanda Crew
3905,Barbra Streisand
3906,Bernie Mac
3907,Anna Faris
3908,Albert Brooks
3909,Anna Friel
3910,Anthony Mackie
3911,Abigail Breslin
3912,Andie MacDowell
3913,Anna Kendrick
3914,Andy Samberg
3915,Anne Baxter
3916,Ashton Kutcher
3917,Anna Paquin
3918,Aaron Judge
3919,Andrew Luck
3920,Aaron Judge
3921,Adriana Lima
3922,Andy Garcia
3923,Bill O Reilly
3924,Billy Bob Thornton
3925,Barabara Palvin
3926,Al Pacino
3927,Alexander Skarsgard
3928,Anna Friel
3929,Alx James
3930,Adriana Barraza
3931,Andy Samberg
3932,Alicia Vikander
3933,Ben Foster
3934,Andreea Diaconu
3935,Amanda Seyfried
3936,Andy Garcia
3937,Ava Gardner
3938,Anthony Mackie
3939,Andrew Lincoln
3940,Andrew Luck
3941,Billy Bob Thornton
3942,Audrey Tautou
3943,Andy Murray
3944,Ashley Graham
3945,Barbra Streisand
3946,Alan Rickman
3947,Andy Garcia
3948,Ben Foster
3949,Akemi Darenogare
3950,Amanda Seyfried
3951,Berenice Bejo
3952,Anderson Cooper
3953,Ben Kingsley
3954,Art Carney
3955,Ben Foster
3956,Andy Samberg
3957,Al Pacino
3958,Ashley Greene
3959,Audrey Hepburn
3960,Audrey Hepburn
3961,Anjelica Huston
3962,Anthony Hopkins
3963,Ben Johnson
3964,Ben Stiller
3965,Albert Finney
3966,Berenice Bejo
3967,Anna Sui
3968,Bill O Reilly
3969,Anna Friel
3970,Berenice Bejo
3971,Barry Pepper
3972,Andy Serkis
3973,Armin Mueller-Stahl
3974,Bill Paxton
3975,Ben Stiller
3976,Bella Hadid
3977,Andrew Luck
3978,bella thorne
3979,Ben Affleck
3980,Alan Alda
3981,AnnaSophia Robb
3982,Anjelica Huston
3983,Betty White
3984,Anna Friel
3985,Anthony Mackie
3986,Aaron Taylor-Johnson
3987,Alan Rickman
3988,Alx James
3989,Amy Ryan
3990,Alessandra Ambrosio
3991,Bette Midler
3992,Ben Kingsley
3993,Adele
3994,Betty White
3995,Ashley Judd
3996,Adele
3997,Anna Faris
3998,Anna Faris
3999,Ali Larter
4000,Anna Paquin
4001,Amanda Peet
4002,Alan Alda
4003,Andrew Luck
4004,Audrey Hepburn
4005,Adriana Barraza
4006,Adrianne Palicki
4007,Bill Murray
4008,Betty White
4009,Andrew Luck
4010,Akemi Darenogare
4011,Adrien Brody
4012,Bernie Mac
4013,Anne Baxter
4014,Bill Hader
4015,Anthony Mackie
4016,Alice Eve
4017,Barry Pepper
4018,Al Roker
4019,Bill Pullman
4020,Andrew Luck
4021,Andrew Luck
4022,Aaron Taylor-Johnson
4023,Anne Bancroft
4024,Anderson Cooper
4025,Andrew Luck
4026,Anjelica Huston
4027,Alx James
4028,Barbra Streisand
4029,Alex Pettyfer
4030,Andrew Luck
4031,Bill O Reilly
4032,Albert Finney
4033,Art Carney
4034,Albert Brooks
4035,Bill Pullman
4036,Andrew Luck
4037,Bill Pullman
4038,Anna Paquin
4039,Armin Mueller-Stahl
4040,Alexandra Daddario
4041,Alexis Thorpe
4042,Art Carney
4043,Anthony Mackie
4044,Anne Bancroft
4045,Anne Bancroft
4046,Alx James
4047,Anthony Mackie
4048,Adam Sandler
4049,Adele
4050,Andy Garcia
4051,Adrien Brody
4052,Anthony Hopkins
4053,Anna Friel
4054,Andy Garcia
4055,Alexandra Daddario
4056,Benjamin Bratt
4057,Albert Finney
4058,Al Pacino
4059,Andy Samberg
4060,Alan Rickman
4061,Alan Alda
4062,Andrew Garfield
4063,Ashley Greene
4064,Art Carney
4065,Benedict Cumberbatch
4066,Barabara Palvin
4067,Anthony Mackie
4068,Anna Paquin
4069,Anne Hathaway
4070,Alan Arkin
4071,Barry Pepper
4072,Beyonce Knowles
4073,Andy Garcia
4074,Andie MacDowell
4075,Amy Schumer
4076,Adriana Barraza
4077,Anna Faris
4078,Amber Heard
4079,Angelina Jolie
4080,Beyonce Knowles
4081,Anderson Cooper
4082,Alicia Vikander
4083,Bill Paxton
4084,Anna Kendrick
4085,Antonio Banderas
4086,Barabara Palvin
4087,Ben Foster
4088,Anna Kendrick
4089,Anna Friel
4090,Barry Pepper
4091,Barabara Palvin
4092,Alex Pettyfer
4093,Alx James
4094,Benjamin Bratt
4095,Bill Paxton
4096,Ashley Graham
4097,Andy Samberg
4098,Amber Heard
4099,Bill Paxton
4100,Amy Adams
4101,Andie MacDowell
4102,Alan Alda
4103,Art Carney
4104,Bill O Reilly
4105,AnnaSophia Robb
4106,Andy Serkis
4107,Billy Bob Thornton
4108,Alan Rickman
4109,Aaron Paul
4110,Alx James
4111,Ava Gardner
4112,Al Pacino
4113,Barry Pepper
4114,Adriana Lima
4115,Amber Heard
4116,Analeigh Tipton
4117,Al Roker
4118,Alicia Vikander
4119,Antonio Banderas
4120,Angelina Jolie
4121,Anna Kendrick
4122,Andy Serkis
4123,Betty White
4124,AnnaSophia Robb
4125,Andrew Garfield
4126,Andie MacDowell
4127,Bill Murray
4128,Adele
4129,Alessandra Ambrosio
4130,Andrew Luck
4131,Andrew Luck
4132,Alec Baldwin
4133,Amanda Crew
4134,Arnold Schwarzenegger
4135,Andrew Lincoln
4136,Andy Murray
4137,Adriana Lima
4138,Ali Larter
4139,Benjamin Bratt
4140,Berenice Bejo
4141,Audrey Tautou
4142,Al Roker
4143,Bill Paxton
4144,Adrien Brody
4145,Adele
4146,Andy Garcia
4147,Amy Ryan
4148,Anna Faris
4149,Angelina Jolie
4150,Ava Gardner
4151,Barbra Streisand
4152,Alexandra Daddario
4153,Andy Murray
4154,bella thorne
4155,Alan Arkin
4156,bella thorne
4157,Barabara Palvin
4158,Amanda Bynes
4159,Berenice Bejo
4160,Andreea Diaconu
4161,Amber Heard
4162,Anna Faris
4163,Bella Hadid
4164,Ashley Graham
4165,Berenice Bejo
4166,Aaron Paul
4167,Alx James
4168,Barbra Streisand
4169,Angelina Jolie
4170,Ashley Greene
4171,Amy Adams
4172,Amber Heard
4173,Ben Kingsley
4174,Ashley Judd
4175,Andy Samberg
4176,Bella Hadid
4177,Alan Rickman
4178,Barbra Streisand
4179,Barry Pepper
4180,Ashley Greene
4181,Andy Garcia
4182,Aaron Taylor-Johnson
4183,Andrew Garfield
4184,Amanda Peet
4185,Bill Paxton
4186,Audrey Hepburn
4187,Barabara Palvin
4188,Alan Arkin
4189,Alexandra Daddario
4190,Alexander Skarsgard
4191,Barbra Streisand
4192,Bette Midler
4193,Ashley Greene
4194,Benjamin Bratt
4195,Alexandra Daddario
4196,Anna Faris
4197,Alan Arkin
4198,Aaron Paul
4199,Anne Hathaway
4200,Arnold Schwarzenegger
4201,Betty White
4202,Alexander Skarsgard
4203,Andrew Luck
4204,Ashley Judd
4205,Betty White
4206,Ashley Judd
4207,Anthony Hopkins
4208,Armin Mueller-Stahl
4209,Anna Faris
4210,Barabara Palvin
4211,Anthony Hopkins
4212,Bill Hader
4213,Amanda Crew
4214,Barabara Palvin
4215,Andrew Luck
4216,Alexander Skarsgard
4217,bella thorne
4218,Adele
4219,Amanda Crew
4220,Alessandra Ambrosio
4221,Anna Sui
4222,Adriana Barraza
4223,Alan Rickman
4224,Billy Bob Thornton
4225,Bernie Mac
4226,Abigail Breslin
4227,Anjelica Huston
4228,Alexandra Daddario
4229,Barabara Palvin
4230,Ali Larter
4231,Amy Adams
4232,Ben Affleck
4233,Amber Heard
4234,Andy Serkis
4235,Arnold Schwarzenegger
4236,Andy Samberg
4237,Anne Baxter
4238,Alicia Vikander
4239,Alan Alda
4240,Andy Garcia
4241,Alan Arkin
4242,Berenice Bejo
4243,Barabara Palvin
4244,Beyonce Knowles
4245,Berenice Bejo
4246,Andie MacDowell
4247,Anjelica Huston
4248,Aaron Paul
4249,Barabara Palvin
4250,Al Roker
4251,Adam Sandler
4252,Anderson Cooper
4253,Andrew Luck
4254,Beyonce Knowles
4255,Albert Finney
4256,Akemi Darenogare
4257,Ben Johnson
4258,Anthony Hopkins
4259,Annette Bening
4260,Andreea Diaconu
4261,Bernie Mac
4262,Andy Garcia
4263,Albert Finney
4264,Annette Bening
4265,Arnold Schwarzenegger
4266,Ben Kingsley
4267,Amber Heard
4268,AnnaSophia Robb
4269,Adrien Brody
4270,Al Roker
4271,Amy Adams
4272,Abigail Breslin
4273,Bette Midler
4274,Andy Garcia
4275,Andy Garcia
4276,Betty White
4277,Barbra Streisand
4278,Ashley Graham
4279,Bernie Mac
4280,Aaron Taylor-Johnson
4281,Adele
4282,Andrew Garfield
4283,Anderson Cooper
4284,Adriana Barraza
4285,Alexander Skarsgard
4286,Beyonce Knowles
4287,Alexander Skarsgard
4288,Adele
4289,Alx James
4290,Ben Affleck
4291,Amber Heard
4292,Ben Johnson
4293,Ben Foster
4294,Andy Samberg
4295,Alx James
4296,Alexander Skarsgard
4297,Angela Bassett
4298,Anna Faris
4299,Anjelica Huston
4300,Anne Bancroft
4301,Analeigh Tipton
4302,Andy Samberg
4303,Anne Baxter
4304,Bill Paxton
4305,Angela Bassett
4306,Anthony Perkins
4307,Albert Brooks
4308,Barabara Palvin
4309,Anthony Mackie
4310,Ashley Graham
4311,Angela Bassett
4312,Alex Pettyfer
4313,Ashton Kutcher
4314,Amber Heard
4315,Al Roker
4316,Amanda Seyfried
4317,Adam Sandler
4318,Alx James
4319,Ben Kingsley
4320,Ben Stiller
4321,Audrey Hepburn
4322,Analeigh Tipton
4323,Alx James
4324,Ali Larter
4325,Angelina Jolie
4326,Andy Samberg
4327,Amy Adams
4328,Andrew Luck
4329,Adam Sandler
4330,Al Roker
4331,Andy Murray
4332,Anne Hathaway
4333,Bernie Mac
4334,Anna Friel
4335,Amy Schumer
4336,Adam Sandler
4337,Armin Mueller-Stahl
4338,Barabara Palvin
4339,Amanda Crew
4340,Alexis Thorpe
4341,Alec Baldwin
4342,Alexander Skarsgard
4343,Angela Bassett
4344,Andy Garcia
4345,Albert Brooks
4346,Barabara Palvin
4347,Ashley Greene
4348,Akemi Darenogare
4349,Alex Pettyfer
4350,Andy Murray
4351,Betty White
4352,Adam Sandler
4353,Andrew Luck
4354,Bella Hadid
4355,Bill Hader
4356,Beyonce Knowles
4357,Ben Stiller
4358,Ava Gardner
4359,Adrien Brody
4360,Andy Garcia
4361,Alexandra Daddario
4362,Al Pacino
4363,Billy Bob Thornton
4364,Barbra Streisand
4365,Anderson Cooper
4366,Bill Pullman
4367,Amanda Bynes
4368,Ben Stiller
4369,Anjelica Huston
4370,Bill Rancic
4371,Ashley Greene
4372,Bill Paxton
4373,Amanda Bynes
4374,Alan Rickman
4375,Bill Rancic
4376,Analeigh Tipton
4377,Amber Heard
4378,Amy Schumer
4379,Angelina Jolie
4380,Alx James
4381,Anne Hathaway
4382,Ben Johnson
4383,Ashley Graham
4384,Andrew Luck
4385,Adele
4386,Barry Pepper
4387,Andrew Luck
4388,Al Pacino
4389,Bill Hader
4390,Anthony Hopkins
4391,Bernie Mac
4392,Adrianne Palicki
4393,Benedict Cumberbatch
4394,Anna Friel
4395,Anthony Hopkins
4396,Bella Hadid
4397,Alx James
4398,Andy Serkis
4399,Adrianne Palicki
4400,Anna Paquin
4401,Barry Pepper
4402,Billy Bob Thornton
4403,Andrew Luck
4404,Betty White
4405,Alexandra Daddario
4406,Bill O Reilly
4407,Armin Mueller-Stahl
4408,Andy Murray
4409,Aaron Paul
4410,Amber Heard
4411,Betty White
4412,Adam Sandler
4413,Amy Adams
4414,Anjelica Huston
4415,Adrien Brody
4416,Bette Midler
4417,Ali Larter
4418,Andie MacDowell
4419,Adam Sandler
4420,Alex Pettyfer
4421,Armin Mueller-Stahl
4422,Bill Hader
4423,Ben Kingsley
4424,Aaron Judge
4425,Adele
4426,Amanda Bynes
4427,Andreea Diaconu
4428,Andreea Diaconu
4429,Andrew Luck
4430,Aaron Judge
4431,Adam Sandler
4432,Bernie Mac
4433,Aaron Taylor-Johnson
4434,Ben Stiller
4435,Aaron Judge
4436,Alexander Skarsgard
4437,Al Roker
4438,Billy Bob Thornton
4439,Ava Gardner
4440,Berenice Bejo
4441,Amanda Crew
4442,Amanda Crew
4443,Anthony Mackie
4444,Akemi Darenogare
4445,Amy Ryan
4446,Anthony Hopkins
4447,Amanda Crew
4448,Ben Affleck
4449,Audrey Hepburn
4450,Bill Murray
4451,Armin Mueller-Stahl
4452,Armin Mueller-Stahl
4453,Abigail Breslin
4454,Andie MacDowell
4455,Bill Hader
4456,Amy Ryan
4457,Berenice Bejo
4458,Barabara Palvin
4459,Adrianne Palicki
4460,Amanda Crew
4461,Andrew Luck
4462,Ben Johnson
4463,Anthony Perkins
4464,Alec Baldwin
4465,Bill Murray
4466,Bill Pullman
4467,Anjelica Huston
4468,Ashton Kutcher
4469,Al Roker
4470,Ashley Greene
4471,Al Pacino
4472,Alx James
4473,Ashley Graham
4474,Bill Rancic
4475,Anjelica Huston
4476,Andy Samberg
4477,Alexander Skarsgard
4478,Akemi Darenogare
4479,Bill Pullman
4480,Bill Hader
4481,Bernie Mac
4482,Andy Samberg
4483,Alan Rickman
4484,Arnold Schwarzenegger
4485,Barabara Palvin
4486,Bella Hadid
4487,bella thorne
4488,Andrew Lincoln
4489,Amanda Bynes
4490,Bill Pullman
4491,Andy Garcia
4492,Andy Samberg
4493,Ashley Graham
4494,Ava Gardner
4495,Andrew Luck
4496,Albert Finney
4497,Ali Larter
4498,Adele
4499,Anne Bancroft
4500,Andy Garcia
4501,Abigail Breslin
4502,Al Pacino
4503,Alan Arkin
4504,Barry Pepper
4505,Anne Hathaway
4506,Benedict Cumberbatch
4507,Anna Friel
4508,Art Carney
4509,Alicia Vikander
4510,Adriana Barraza
4511,Audrey Hepburn
4512,Aaron Judge
4513,Anthony Hopkins
4514,Amy Ryan
4515,Analeigh Tipton
4516,Ben Kingsley
4517,Albert Brooks
4518,Andie MacDowell
4519,Ashley Graham
4520,Ashley Judd
4521,Aaron Taylor-Johnson
4522,Ben Johnson
4523,Alex Pettyfer
4524,Audrey Tautou
4525,Amber Heard
4526,Anne Baxter
4527,Bella Hadid
4528,Ashley Graham
4529,Andy Garcia
4530,Adrien Brody
4531,Amanda Peet
4532,Andy Murray
4533,Alexander Skarsgard
4534,Aaron Taylor-Johnson
4535,Alex Pettyfer
4536,Andrew Luck
4537,Ben Affleck
4538,Bill Hader
4539,Anthony Mackie
4540,Abigail Breslin
4541,Benedict Cumberbatch
4542,Ashley Judd
4543,Ben Johnson
4544,Al Pacino
4545,Anne Baxter
4546,Bette Midler
4547,Amanda Seyfried
4548,Andy Samberg
4549,bella thorne
4550,Audrey Tautou
4551,Ali Larter
4552,Amanda Peet
4553,Anthony Hopkins
4554,Adam Sandler
4555,bella thorne
4556,Audrey Hepburn
4557,Bernie Mac
4558,Andrew Lincoln
4559,Anderson Cooper
4560,Alexis Thorpe
4561,Barabara Palvin
4562,Amanda Bynes
4563,Amy Schumer
4564,Al Roker
4565,Audrey Hepburn
4566,Bella Hadid
4567,Andie MacDowell
4568,Albert Finney
4569,Bette Midler
4570,Amy Ryan
4571,Akemi Darenogare
4572,Alexander Skarsgard
4573,Bernie Mac
4574,Benicio Del Toro
4575,Alex Pettyfer
4576,Analeigh Tipton
4577,Anne Bancroft
4578,Andrew Luck
4579,Ashley Graham
4580,Barry Pepper
4581,Alexis Thorpe
4582,Barbra Streisand
4583,Berenice Bejo
4584,Amy Ryan
4585,Amy Adams
4586,Angelina Jolie
4587,Ben Foster
4588,Ali Larter
4589,Ava Gardner
4590,Alan Arkin
4591,Ben Johnson
4592,Alec Baldwin
4593,Alx James
4594,Amy Adams
4595,Akemi Darenogare
4596,Alx James
4597,Adele
4598,Andy Garcia
4599,Adam Sandler
4600,Alx James
4601,Aaron Paul
4602,Amy Schumer
4603,Barbra Streisand
4604,Alexandra Daddario
4605,Benicio Del Toro
4606,Amanda Seyfried
4607,Adele
4608,Anjelica Huston
4609,Anne Bancroft
4610,Arnold Schwarzenegger
4611,Betty White
4612,Anna Faris
4613,Ben Johnson
4614,Benedict Cumberbatch
4615,Aaron Taylor-Johnson
4616,Andrew Luck
4617,Ali Larter
4618,Barabara Palvin
4619,Betty White
4620,Ben Foster
4621,Aaron Judge
4622,Andie MacDowell
4623,Al Roker
4624,Audrey Tautou
4625,Bill Daley
4626,Anna Kendrick
4627,Andreea Diaconu
4628,Angelina Jolie
4629,Andrew Luck
4630,Bill Pullman
4631,Andy Serkis
4632,Anna Friel
4633,Anna Paquin
4634,Audrey Hepburn
4635,Anna Faris
4636,Art Carney
4637,Andie MacDowell
4638,Ben Foster
4639,Ava Gardner
4640,Aaron Judge
4641,Alan Rickman
4642,Audrey Tautou
4643,Adrien Brody
4644,Amanda Seyfried
4645,Ali Larter
4646,Betty White
4647,Antonio Banderas
4648,Benedict Cumberbatch
4649,Ashley Greene
4650,Alan Arkin
4651,Anna Sui
4652,Alex Pettyfer
4653,Barabara Palvin
4654,Barbra Streisand
4655,Bill Daley
4656,Anjelica Huston
4657,Berenice Bejo
4658,Ben Kingsley
4659,Anna Kendrick
4660,Anna Sui
4661,Andie MacDowell
4662,Adrien Brody
4663,AnnaSophia Robb
4664,Anne Bancroft
4665,Andy Samberg
4666,Anne Baxter
4667,Ashton Kutcher
4668,Audrey Hepburn
4669,Alan Rickman
4670,Alexis Thorpe
4671,Amy Adams
4672,Annette Bening
4673,Adrianne Palicki
4674,Amanda Seyfried
4675,Bill Daley
4676,Bill Pullman
4677,Alexandra Daddario
4678,Beyonce Knowles
4679,Amy Adams
4680,Ben Kingsley
4681,Andreea Diaconu
4682,Amanda Seyfried
4683,Adriana Lima
4684,Barabara Palvin
4685,Armin Mueller-Stahl
4686,Ben Stiller
4687,Bella Hadid
4688,Al Pacino
4689,Adele
4690,Albert Brooks
4691,Alicia Vikander
4692,Alan Rickman
4693,Anthony Hopkins
4694,Barry Pepper
4695,Amanda Crew
4696,Alan Rickman
4697,Ben Kingsley
4698,Bill Daley
4699,Andrew Garfield
4700,Bill O Reilly
4701,Benedict Cumberbatch
4702,Amanda Crew
4703,Aaron Taylor-Johnson
4704,Audrey Hepburn
4705,Adrianne Palicki
4706,Adriana Lima
4707,Benicio Del Toro
4708,Benedict Cumberbatch
4709,Audrey Hepburn
4710,Amanda Peet
4711,Abigail Breslin
4712,Andy Garcia
4713,Al Roker
4714,Amanda Crew
4715,Analeigh Tipton
4716,Betty White
4717,Andie MacDowell
4718,Andreea Diaconu
4719,Ben Foster
4720,Betty White
4721,Ava Gardner
4722,Bill Rancic
4723,Anthony Hopkins
4724,Amanda Crew
4725,Analeigh Tipton
4726,Albert Brooks
4727,Bill O Reilly
4728,Armin Mueller-Stahl
4729,Anthony Perkins
4730,Anthony Perkins
4731,Berenice Bejo
4732,AnnaSophia Robb
4733,Anna Friel
4734,Barry Pepper
4735,Barabara Palvin
4736,Alan Arkin
4737,Amber Heard
4738,Andreea Diaconu
4739,Analeigh Tipton
4740,Audrey Tautou
4741,Alec Baldwin
4742,Alan Arkin
4743,Annette Bening
4744,Amy Adams
4745,Barabara Palvin
4746,Bernie Mac
4747,Adele
4748,Andy Samberg
4749,bella thorne
4750,Alx James
4751,Bernie Mac
4752,Bill Murray
4753,Anna Kendrick
4754,Alx James
4755,Bill Rancic
4756,Bill Paxton
4757,Barry Pepper
4758,Anne Baxter
4759,Alexander Skarsgard
4760,Alex Pettyfer
4761,Barbra Streisand
4762,Armin Mueller-Stahl
4763,Andreea Diaconu
4764,Analeigh Tipton
4765,Amanda Crew
4766,Ben Stiller
4767,Berenice Bejo
4768,Anna Friel
4769,Bernie Mac
4770,Amanda Peet
4771,Adrien Brody
4772,Adrien Brody
4773,Amy Ryan
4774,Adrianne Palicki
4775,Angelina Jolie
4776,Akemi Darenogare
4777,Andy Garcia
4778,Ben Johnson
4779,Andy Serkis
4780,Amy Adams
4781,Ava Gardner
4782,Adriana Barraza
4783,Aaron Paul
4784,Ben Foster
4785,Amanda Bynes
4786,Amanda Peet
4787,Amy Ryan
4788,Alan Rickman
4789,Amber Heard
4790,Arnold Schwarzenegger
4791,Andrew Luck
4792,Alicia Vikander
4793,Barry Pepper
4794,Anna Faris
4795,Adrien Brody
4796,Benedict Cumberbatch
4797,Andrew Luck
4798,Barabara Palvin
4799,bella thorne
4800,Andreea Diaconu
4801,Ashton Kutcher
4802,Amy Adams
4803,Benedict Cumberbatch
4804,Angelina Jolie
4805,Alessandra Ambrosio
4806,Ashley Greene
4807,Alan Arkin
4808,AnnaSophia Robb
4809,Audrey Tautou
4810,Andrew Luck
4811,Anna Faris
4812,Bill Hader
4813,Anne Baxter
4814,Andie MacDowell
4815,Anna Faris
4816,Anna Kendrick
4817,Angelina Jolie
4818,Andy Samberg
4819,Angelina Jolie
4820,Bill Pullman
4821,Anna Friel
4822,Anna Sui
4823,Aaron Taylor-Johnson
4824,Andy Serkis
4825,Aaron Judge
4826,Audrey Hepburn
4827,Ben Stiller
4828,Ben Affleck
4829,Andrew Luck
4830,Albert Finney
4831,Adam Sandler
4832,Alexandra Daddario
4833,bella thorne
4834,Alexandra Daddario
4835,Ashley Judd
4836,Akemi Darenogare
4837,Ben Foster
4838,Adrien Brody
4839,Anna Friel
4840,Aaron Paul
4841,Amanda Peet
4842,Bill Pullman
4843,Ben Foster
4844,Amber Heard
4845,Bernie Mac
4846,Anna Friel
4847,Anne Baxter
4848,Aaron Judge
4849,Alx James
4850,Ali Larter
4851,Armin Mueller-Stahl
4852,Albert Brooks
4853,Alan Rickman
4854,Anna Faris
4855,Betty White
4856,Alexandra Daddario
4857,Al Roker
4858,Aaron Taylor-Johnson
4859,Amber Heard
4860,Alexander Skarsgard
4861,Adrien Brody
4862,Benedict Cumberbatch
4863,Amy Ryan
4864,Bill Rancic
4865,Bill Paxton
4866,Anna Paquin
4867,Andie MacDowell
4868,Ben Foster
4869,Ava Gardner
4870,Andreea Diaconu
4871,Bill Paxton
4872,Bella Hadid
4873,Amy Adams
4874,Barabara Palvin
4875,Alicia Vikander
4876,Angelina Jolie
4877,Adriana Lima
4878,Anna Sui
4879,Armin Mueller-Stahl
4880,Anna Faris
4881,Ben Affleck
4882,Andy Serkis
4883,Alexander Skarsgard
4884,Amy Adams
4885,Andrew Lincoln
4886,Alexandra Daddario
4887,Alexis Thorpe
4888,Adriana Barraza
4889,Amanda Seyfried
4890,Ben Affleck
4891,Ben Johnson
4892,Antonio Banderas
4893,Andy Garcia
4894,Anna Paquin
4895,Bernie Mac
4896,Amanda Bynes
4897,Audrey Tautou
4898,Adriana Barraza
4899,Anthony Mackie
4900,Alex Pettyfer
4901,Audrey Hepburn
4902,Analeigh Tipton
4903,Berenice Bejo
4904,Anderson Cooper
4905,Ashton Kutcher
4906,Beyonce Knowles
4907,Anne Bancroft
4908,Bernie Mac
4909,Ben Affleck
4910,Barabara Palvin
4911,Andrew Luck
4912,Alx James
4913,Ashley Greene
4914,Ben Affleck
4915,Barry Pepper
4916,Amy Schumer
4917,Anne Bancroft
4918,Ben Kingsley
4919,Aaron Taylor-Johnson
4920,Betty White
4921,Amy Ryan
4922,Barabara Palvin
4923,Anna Faris
4924,Alan Arkin
4925,Anne Bancroft
4926,Alessandra Ambrosio
4927,Audrey Hepburn
4928,Bill O Reilly
4929,Anna Friel
4930,Ashton Kutcher
4931,Anna Sui
4932,Ben Affleck
4933,Amanda Bynes
4934,Anna Sui
4935,Alx James
4936,Bill Daley
4937,Ashley Graham
4938,Angelina Jolie
4939,Bill Daley
4940,Alessandra Ambrosio
4941,Adriana Barraza
4942,Anne Baxter
4943,Ashley Graham
4944,Al Pacino
4945,Ashley Judd
4946,Ashton Kutcher
4947,Benjamin Bratt
4948,Alexander Skarsgard
4949,Ben Foster
4950,Barry Pepper
4951,Bill Daley
4952,Anna Faris
4953,Alec Baldwin
4954,Anjelica Huston
4955,Albert Finney
4956,Ashton Kutcher
4957,Ben Foster
4958,Bill Pullman
4959,Amanda Bynes
4960,Anjelica Huston
4961,Beyonce Knowles
4962,Anderson Cooper
4963,Al Pacino
4964,Anne Bancroft
4965,Albert Finney
4966,Andrew Lincoln
4967,Art Carney
4968,Ben Foster
4969,Bill Pullman
4970,Analeigh Tipton
4971,Aaron Paul
4972,Barabara Palvin
4973,Amy Ryan
4974,Al Pacino
4975,Amanda Crew
4976,Amber Heard
